{
  "voidLayerData": {
    "biomeWeights": [
      {
        "data": "minecraft:small_end_islands",
        "weight": 2
      }
    ],
    "biomeSize": 2
  },
  "skyLayerData": {
    "biomeWeights": [
      {
        "data": "byg:viscal_isles",
        "weight": 1
      },
      {
        "data": "minecraft:the_end",
        "weight": 9
      }
    ],
    "biomeSize": 2
  },
  "skyLayerStartY": 180,
  "addAllEndBiomeCategoryEntries": true,
  "useBYGNetherBiomeSourceInNewWorlds": true,
  "warnBYGNetherBiomeSourceNotUsedInNewWorlds": true,
  "islandLayerData": {
    "biomeWeights": [
      {
        "data": "minecraft:end_midlands",
        "weight": 2
      },
      {
        "data": "minecraft:end_barrens",
        "weight": 2
      },
      {
        "data": "minecraft:end_highlands",
        "weight": 2
      },
      {
        "data": "byg:ivis_fields",
        "weight": 1
      },
      {
        "data": "byg:nightshade_forest",
        "weight": 3
      },
      {
        "data": "byg:ethereal_islands",
        "weight": 3
      },
      {
        "data": "byg:bulbis_gardens",
        "weight": 3
      },
      {
        "data": "byg:shulkren_forest",
        "weight": 3
      },
      {
        "data": "byg:cryptic_wastes",
        "weight": 1
      },
      {
        "data": "byg:imparius_grove",
        "weight": 3
      },
      {
        "data": "minecraft:the_end",
        "weight": 2
      },
      {
        "data": "minecraft:small_end_islands",
        "weight": 2
      },
      {
        "data": "betterend:foggy_mushroomland",
        "weight": 2
      },
      {
        "data": "betterend:chorus_forest",
        "weight": 2
      },
      {
        "data": "betterend:dust_wastelands",
        "weight": 2
      },
      {
        "data": "betterend:megalake",
        "weight": 2
      },
      {
        "data": "betterend:megalake_grove",
        "weight": 2
      },
      {
        "data": "betterend:crystal_mountains",
        "weight": 2
      },
      {
        "data": "betterend:painted_mountains",
        "weight": 2
      },
      {
        "data": "betterend:shadow_forest",
        "weight": 2
      },
      {
        "data": "betterend:amber_land",
        "weight": 2
      },
      {
        "data": "betterend:blossoming_spires",
        "weight": 2
      },
      {
        "data": "betterend:sulphur_springs",
        "weight": 2
      },
      {
        "data": "betterend:umbrella_jungle",
        "weight": 2
      },
      {
        "data": "betterend:glowing_grasslands",
        "weight": 2
      },
      {
        "data": "betterend:dragon_graveyards",
        "weight": 2
      },
      {
        "data": "betterend:dry_shrubland",
        "weight": 2
      },
      {
        "data": "betterend:lantern_woods",
        "weight": 2
      },
      {
        "data": "betterend:neon_oasis",
        "weight": 2
      },
      {
        "data": "betterend:umbra_valley",
        "weight": 2
      },
      {
        "data": "betterend:ice_starfield",
        "weight": 2
      },
      {
        "data": "byg:viscal_isles",
        "weight": 2
      }
    ],
    "biomeSize": 3
  }
}