{
  "overworld_enabled": true,
  "providers": [
    {
      "plateau_biomes": [
        [
          "minecraft:snowy_plains",
          "minecraft:snowy_plains",
          "byg:frosted_taiga",
          "minecraft:snowy_taiga",
          "minecraft:snowy_taiga"
        ],
        [
          "minecraft:meadow",
          "minecraft:meadow",
          "byg:maple_taiga",
          "byg:canadian_shield",
          "byg:black_forest"
        ],
        [
          "minecraft:meadow",
          "minecraft:meadow",
          "minecraft:meadow",
          "byg:fragment_forest",
          "minecraft:dark_forest"
        ],
        [
          "minecraft:savanna_plateau",
          "minecraft:savanna_plateau",
          "minecraft:forest",
          "minecraft:forest",
          "minecraft:jungle"
        ],
        [
          "minecraft:badlands",
          "minecraft:badlands",
          "minecraft:badlands",
          "minecraft:wooded_badlands",
          "byg:guiana_shield"
        ]
      ],
      "plateau_biomes_variant": [
        [
          "minecraft:ice_spikes",
          "minecraft:the_void",
          "byg:frosted_taiga",
          "minecraft:the_void",
          "minecraft:the_void"
        ],
        [
          "minecraft:the_void",
          "minecraft:the_void",
          "byg:coniferous_forest",
          "minecraft:meadow",
          "byg:borealis_grove"
        ],
        [
          "minecraft:the_void",
          "minecraft:the_void",
          "byg:temperate_grove",
          "minecraft:birch_forest",
          "byg:redwood_thicket"
        ],
        [
          "minecraft:the_void",
          "minecraft:the_void",
          "minecraft:the_void",
          "minecraft:the_void",
          "minecraft:the_void"
        ],
        [
          "minecraft:eroded_badlands",
          "minecraft:eroded_badlands",
          "minecraft:the_void",
          "minecraft:the_void",
          "minecraft:the_void"
        ]
      ],
      "extreme_hills": [
        [
          "minecraft:windswept_gravelly_hills",
          "minecraft:windswept_gravelly_hills",
          "minecraft:windswept_hills",
          "minecraft:windswept_forest",
          "minecraft:windswept_forest"
        ],
        [
          "minecraft:windswept_gravelly_hills",
          "minecraft:windswept_gravelly_hills",
          "minecraft:windswept_hills",
          "minecraft:windswept_forest",
          "minecraft:windswept_forest"
        ],
        [
          "minecraft:windswept_hills",
          "minecraft:windswept_hills",
          "minecraft:windswept_hills",
          "minecraft:windswept_forest",
          "minecraft:windswept_forest"
        ],
        [
          "minecraft:the_void",
          "minecraft:the_void",
          "minecraft:the_void",
          "minecraft:the_void",
          "minecraft:the_void"
        ],
        [
          "minecraft:the_void",
          "minecraft:the_void",
          "minecraft:the_void",
          "minecraft:the_void",
          "minecraft:the_void"
        ]
      ],
      "swapper": {
        "minecraft:swamp": "byg:bayou"
      },
      "weight": 6,
      "oceans": [
        [
          "minecraft:deep_frozen_ocean",
          "minecraft:deep_cold_ocean",
          "minecraft:deep_ocean",
          "minecraft:deep_lukewarm_ocean",
          "minecraft:warm_ocean"
        ],
        [
          "minecraft:frozen_ocean",
          "minecraft:cold_ocean",
          "minecraft:ocean",
          "minecraft:lukewarm_ocean",
          "byg:dead_sea"
        ]
      ],
      "middle_biomes": [
        [
          "byg:shattered_glacier",
          "minecraft:snowy_plains",
          "minecraft:snowy_plains",
          "minecraft:snowy_taiga",
          "minecraft:taiga"
        ],
        [
          "minecraft:plains",
          "minecraft:plains",
          "byg:twilight_meadow",
          "byg:autumnal_valley",
          "minecraft:old_growth_spruce_taiga"
        ],
        [
          "minecraft:flower_forest",
          "byg:prairie",
          "byg:allium_fields",
          "minecraft:birch_forest",
          "minecraft:dark_forest"
        ],
        [
          "minecraft:savanna",
          "byg:baobab_savanna",
          "byg:cherry_blossom_forest",
          "byg:ebony_woods",
          "byg:jacaranda_forest"
        ],
        [
          "minecraft:desert",
          "minecraft:desert",
          "byg:mojave_desert",
          "minecraft:desert",
          "byg:tropical_rainforest"
        ]
      ],
      "middle_biomes_variant": [
        [
          "minecraft:ice_spikes",
          "minecraft:the_void",
          "minecraft:snowy_taiga",
          "minecraft:the_void",
          "minecraft:the_void"
        ],
        [
          "minecraft:the_void",
          "byg:weeping_witch_forest",
          "byg:aspen_forest",
          "minecraft:the_void",
          "minecraft:old_growth_pine_taiga"
        ],
        [
          "minecraft:the_void",
          "byg:prairie",
          "byg:orchard",
          "minecraft:birch_forest",
          "byg:redwood_thicket"
        ],
        [
          "minecraft:the_void",
          "byg:araucaria_savanna",
          "minecraft:the_void",
          "byg:amaranth_fields",
          "byg:crag_gardens"
        ],
        [
          "minecraft:eroded_badlands",
          "minecraft:the_void",
          "byg:sierra_badlands",
          "minecraft:the_void",
          "byg:tropical_rainforest"
        ]
      ]
    },
    {
      "plateau_biomes": [
        [
          "minecraft:snowy_plains",
          "minecraft:snowy_plains",
          "byg:frosted_coniferous_forest",
          "minecraft:snowy_taiga",
          "minecraft:snowy_taiga"
        ],
        [
          "minecraft:meadow",
          "minecraft:meadow",
          "byg:coniferous_forest",
          "byg:cika_woods",
          "byg:skyris_vale"
        ],
        [
          "minecraft:meadow",
          "minecraft:meadow",
          "minecraft:meadow",
          "minecraft:meadow",
          "minecraft:dark_forest"
        ],
        [
          "minecraft:savanna_plateau",
          "minecraft:savanna_plateau",
          "minecraft:forest",
          "minecraft:forest",
          "minecraft:jungle"
        ],
        [
          "minecraft:badlands",
          "minecraft:badlands",
          "minecraft:badlands",
          "minecraft:wooded_badlands",
          "minecraft:wooded_badlands"
        ]
      ],
      "plateau_biomes_variant": [
        [
          "minecraft:ice_spikes",
          "minecraft:the_void",
          "byg:frosted_coniferous_forest",
          "minecraft:the_void",
          "minecraft:the_void"
        ],
        [
          "minecraft:the_void",
          "minecraft:the_void",
          "minecraft:meadow",
          "byg:maple_taiga",
          "minecraft:old_growth_pine_taiga"
        ],
        [
          "minecraft:the_void",
          "minecraft:the_void",
          "minecraft:forest",
          "minecraft:birch_forest",
          "minecraft:the_void"
        ],
        [
          "minecraft:the_void",
          "minecraft:the_void",
          "minecraft:the_void",
          "minecraft:the_void",
          "minecraft:the_void"
        ],
        [
          "minecraft:eroded_badlands",
          "minecraft:eroded_badlands",
          "minecraft:the_void",
          "minecraft:the_void",
          "minecraft:the_void"
        ]
      ],
      "extreme_hills": [
        [
          "minecraft:windswept_gravelly_hills",
          "minecraft:windswept_gravelly_hills",
          "minecraft:windswept_hills",
          "minecraft:windswept_forest",
          "minecraft:windswept_forest"
        ],
        [
          "minecraft:windswept_gravelly_hills",
          "minecraft:windswept_gravelly_hills",
          "minecraft:windswept_hills",
          "minecraft:windswept_forest",
          "minecraft:windswept_forest"
        ],
        [
          "minecraft:windswept_hills",
          "minecraft:windswept_hills",
          "minecraft:windswept_hills",
          "minecraft:windswept_forest",
          "minecraft:windswept_forest"
        ],
        [
          "minecraft:the_void",
          "minecraft:the_void",
          "minecraft:the_void",
          "minecraft:the_void",
          "minecraft:the_void"
        ],
        [
          "minecraft:the_void",
          "minecraft:the_void",
          "minecraft:the_void",
          "minecraft:the_void",
          "minecraft:the_void"
        ]
      ],
      "swapper": {
        "minecraft:swamp": "byg:cypress_swamplands"
      },
      "weight": 6,
      "oceans": [
        [
          "minecraft:deep_frozen_ocean",
          "minecraft:deep_cold_ocean",
          "minecraft:deep_ocean",
          "minecraft:deep_lukewarm_ocean",
          "minecraft:warm_ocean"
        ],
        [
          "minecraft:frozen_ocean",
          "minecraft:cold_ocean",
          "minecraft:ocean",
          "minecraft:lukewarm_ocean",
          "minecraft:warm_ocean"
        ]
      ],
      "middle_biomes": [
        [
          "minecraft:snowy_plains",
          "minecraft:snowy_plains",
          "minecraft:snowy_plains",
          "minecraft:snowy_taiga",
          "minecraft:taiga"
        ],
        [
          "minecraft:plains",
          "byg:weeping_witch_forest",
          "byg:zelkova_forest",
          "minecraft:taiga",
          "minecraft:old_growth_spruce_taiga"
        ],
        [
          "minecraft:flower_forest",
          "minecraft:plains",
          "byg:orchard",
          "minecraft:birch_forest",
          "minecraft:dark_forest"
        ],
        [
          "minecraft:savanna",
          "byg:firecracker_shrubland",
          "byg:forgotten_forest",
          "minecraft:jungle",
          "minecraft:jungle"
        ],
        [
          "minecraft:the_void",
          "minecraft:the_void",
          "byg:sierra_badlands",
          "minecraft:the_void",
          "minecraft:the_void"
        ]
      ],
      "middle_biomes_variant": [
        [
          "minecraft:ice_spikes",
          "minecraft:the_void",
          "minecraft:snowy_taiga",
          "minecraft:the_void",
          "minecraft:the_void"
        ],
        [
          "minecraft:the_void",
          "minecraft:the_void",
          "byg:twilight_meadow",
          "minecraft:the_void",
          "minecraft:old_growth_pine_taiga"
        ],
        [
          "minecraft:sunflower_plains",
          "minecraft:the_void",
          "byg:red_oak_forest",
          "minecraft:old_growth_birch_forest",
          "minecraft:the_void"
        ],
        [
          "minecraft:the_void",
          "byg:firecracker_shrubland",
          "minecraft:plains",
          "minecraft:sparse_jungle",
          "minecraft:bamboo_jungle"
        ],
        [
          "minecraft:the_void",
          "minecraft:the_void",
          "minecraft:the_void",
          "minecraft:the_void",
          "minecraft:the_void"
        ]
      ]
    },
    {
      "plateau_biomes": [
        [
          "minecraft:snowy_plains",
          "minecraft:snowy_plains",
          "minecraft:snowy_plains",
          "minecraft:snowy_taiga",
          "minecraft:snowy_taiga"
        ],
        [
          "minecraft:meadow",
          "minecraft:meadow",
          "minecraft:forest",
          "byg:dacite_ridges",
          "minecraft:old_growth_spruce_taiga"
        ],
        [
          "minecraft:meadow",
          "minecraft:meadow",
          "minecraft:meadow",
          "minecraft:meadow",
          "minecraft:dark_forest"
        ],
        [
          "minecraft:savanna_plateau",
          "minecraft:savanna_plateau",
          "minecraft:forest",
          "minecraft:forest",
          "minecraft:jungle"
        ],
        [
          "minecraft:badlands",
          "minecraft:badlands",
          "minecraft:badlands",
          "minecraft:wooded_badlands",
          "minecraft:wooded_badlands"
        ]
      ],
      "plateau_biomes_variant": [
        [
          "minecraft:ice_spikes",
          "minecraft:the_void",
          "minecraft:the_void",
          "minecraft:the_void",
          "minecraft:the_void"
        ],
        [
          "minecraft:the_void",
          "minecraft:the_void",
          "minecraft:meadow",
          "minecraft:meadow",
          "minecraft:old_growth_pine_taiga"
        ],
        [
          "minecraft:the_void",
          "minecraft:the_void",
          "minecraft:forest",
          "minecraft:birch_forest",
          "minecraft:the_void"
        ],
        [
          "minecraft:the_void",
          "minecraft:the_void",
          "minecraft:the_void",
          "minecraft:the_void",
          "minecraft:the_void"
        ],
        [
          "minecraft:eroded_badlands",
          "minecraft:eroded_badlands",
          "minecraft:the_void",
          "minecraft:the_void",
          "minecraft:the_void"
        ]
      ],
      "extreme_hills": [
        [
          "minecraft:windswept_gravelly_hills",
          "minecraft:windswept_gravelly_hills",
          "minecraft:windswept_hills",
          "minecraft:windswept_forest",
          "minecraft:windswept_forest"
        ],
        [
          "minecraft:windswept_gravelly_hills",
          "minecraft:windswept_gravelly_hills",
          "minecraft:windswept_hills",
          "minecraft:windswept_forest",
          "minecraft:windswept_forest"
        ],
        [
          "minecraft:windswept_hills",
          "minecraft:windswept_hills",
          "minecraft:windswept_hills",
          "minecraft:windswept_forest",
          "minecraft:windswept_forest"
        ],
        [
          "minecraft:the_void",
          "minecraft:the_void",
          "minecraft:the_void",
          "minecraft:the_void",
          "minecraft:the_void"
        ],
        [
          "minecraft:the_void",
          "minecraft:the_void",
          "minecraft:the_void",
          "minecraft:the_void",
          "minecraft:the_void"
        ]
      ],
      "swapper": {},
      "weight": 6,
      "oceans": [
        [
          "minecraft:deep_frozen_ocean",
          "minecraft:deep_cold_ocean",
          "minecraft:deep_ocean",
          "minecraft:deep_lukewarm_ocean",
          "minecraft:warm_ocean"
        ],
        [
          "minecraft:frozen_ocean",
          "minecraft:cold_ocean",
          "minecraft:ocean",
          "minecraft:lukewarm_ocean",
          "minecraft:warm_ocean"
        ]
      ],
      "middle_biomes": [
        [
          "minecraft:snowy_plains",
          "minecraft:snowy_plains",
          "minecraft:snowy_plains",
          "minecraft:snowy_taiga",
          "minecraft:taiga"
        ],
        [
          "minecraft:plains",
          "minecraft:plains",
          "minecraft:forest",
          "minecraft:taiga",
          "minecraft:old_growth_spruce_taiga"
        ],
        [
          "minecraft:flower_forest",
          "minecraft:plains",
          "byg:temperate_rainforest",
          "minecraft:birch_forest",
          "minecraft:dark_forest"
        ],
        [
          "minecraft:savanna",
          "minecraft:savanna",
          "minecraft:forest",
          "minecraft:jungle",
          "minecraft:jungle"
        ],
        [
          "minecraft:desert",
          "minecraft:desert",
          "minecraft:desert",
          "minecraft:desert",
          "minecraft:desert"
        ]
      ],
      "middle_biomes_variant": [
        [
          "minecraft:ice_spikes",
          "minecraft:the_void",
          "minecraft:snowy_taiga",
          "minecraft:the_void",
          "minecraft:the_void"
        ],
        [
          "minecraft:the_void",
          "minecraft:the_void",
          "byg:zelkova_forest",
          "minecraft:the_void",
          "minecraft:old_growth_pine_taiga"
        ],
        [
          "minecraft:sunflower_plains",
          "minecraft:the_void",
          "byg:temperate_rainforest",
          "minecraft:old_growth_birch_forest",
          "minecraft:the_void"
        ],
        [
          "minecraft:the_void",
          "minecraft:the_void",
          "minecraft:plains",
          "minecraft:sparse_jungle",
          "minecraft:bamboo_jungle"
        ],
        [
          "minecraft:the_void",
          "minecraft:the_void",
          "minecraft:the_void",
          "minecraft:the_void",
          "minecraft:the_void"
        ]
      ]
    },
    {
      "plateau_biomes": [
        [
          "minecraft:snowy_plains",
          "minecraft:snowy_plains",
          "minecraft:snowy_plains",
          "minecraft:snowy_taiga",
          "minecraft:snowy_taiga"
        ],
        [
          "minecraft:meadow",
          "minecraft:meadow",
          "minecraft:forest",
          "byg:coconino_meadow",
          "minecraft:old_growth_spruce_taiga"
        ],
        [
          "minecraft:meadow",
          "minecraft:meadow",
          "minecraft:meadow",
          "minecraft:meadow",
          "minecraft:dark_forest"
        ],
        [
          "minecraft:savanna_plateau",
          "minecraft:savanna_plateau",
          "minecraft:forest",
          "minecraft:forest",
          "minecraft:jungle"
        ],
        [
          "minecraft:badlands",
          "minecraft:badlands",
          "minecraft:badlands",
          "minecraft:wooded_badlands",
          "minecraft:wooded_badlands"
        ]
      ],
      "plateau_biomes_variant": [
        [
          "minecraft:ice_spikes",
          "minecraft:the_void",
          "minecraft:the_void",
          "minecraft:the_void",
          "minecraft:the_void"
        ],
        [
          "minecraft:the_void",
          "minecraft:the_void",
          "minecraft:meadow",
          "minecraft:meadow",
          "minecraft:old_growth_pine_taiga"
        ],
        [
          "minecraft:the_void",
          "minecraft:the_void",
          "minecraft:forest",
          "minecraft:birch_forest",
          "minecraft:the_void"
        ],
        [
          "minecraft:the_void",
          "minecraft:the_void",
          "minecraft:the_void",
          "minecraft:the_void",
          "minecraft:the_void"
        ],
        [
          "minecraft:eroded_badlands",
          "minecraft:eroded_badlands",
          "minecraft:the_void",
          "minecraft:the_void",
          "minecraft:the_void"
        ]
      ],
      "extreme_hills": [
        [
          "minecraft:windswept_gravelly_hills",
          "minecraft:windswept_gravelly_hills",
          "minecraft:windswept_hills",
          "minecraft:windswept_forest",
          "minecraft:windswept_forest"
        ],
        [
          "minecraft:windswept_gravelly_hills",
          "minecraft:windswept_gravelly_hills",
          "minecraft:windswept_hills",
          "minecraft:windswept_forest",
          "minecraft:windswept_forest"
        ],
        [
          "minecraft:windswept_hills",
          "minecraft:windswept_hills",
          "minecraft:windswept_hills",
          "minecraft:windswept_forest",
          "minecraft:windswept_forest"
        ],
        [
          "minecraft:the_void",
          "minecraft:the_void",
          "minecraft:the_void",
          "minecraft:the_void",
          "minecraft:the_void"
        ],
        [
          "minecraft:the_void",
          "minecraft:the_void",
          "minecraft:the_void",
          "minecraft:the_void",
          "minecraft:the_void"
        ]
      ],
      "swapper": {},
      "weight": 6,
      "oceans": [
        [
          "minecraft:deep_frozen_ocean",
          "minecraft:deep_cold_ocean",
          "minecraft:deep_ocean",
          "minecraft:deep_lukewarm_ocean",
          "minecraft:warm_ocean"
        ],
        [
          "minecraft:frozen_ocean",
          "minecraft:cold_ocean",
          "minecraft:ocean",
          "minecraft:lukewarm_ocean",
          "minecraft:warm_ocean"
        ]
      ],
      "middle_biomes": [
        [
          "minecraft:snowy_plains",
          "minecraft:snowy_plains",
          "minecraft:snowy_plains",
          "minecraft:snowy_taiga",
          "minecraft:taiga"
        ],
        [
          "minecraft:plains",
          "minecraft:plains",
          "minecraft:forest",
          "minecraft:taiga",
          "minecraft:old_growth_spruce_taiga"
        ],
        [
          "minecraft:flower_forest",
          "minecraft:plains",
          "minecraft:forest",
          "minecraft:birch_forest",
          "minecraft:dark_forest"
        ],
        [
          "minecraft:savanna",
          "minecraft:savanna",
          "minecraft:forest",
          "minecraft:jungle",
          "minecraft:jungle"
        ],
        [
          "minecraft:desert",
          "minecraft:desert",
          "minecraft:desert",
          "minecraft:desert",
          "minecraft:desert"
        ]
      ],
      "middle_biomes_variant": [
        [
          "minecraft:ice_spikes",
          "minecraft:the_void",
          "minecraft:snowy_taiga",
          "minecraft:the_void",
          "minecraft:the_void"
        ],
        [
          "minecraft:the_void",
          "minecraft:the_void",
          "minecraft:the_void",
          "minecraft:the_void",
          "minecraft:old_growth_pine_taiga"
        ],
        [
          "minecraft:sunflower_plains",
          "minecraft:the_void",
          "minecraft:the_void",
          "minecraft:old_growth_birch_forest",
          "minecraft:the_void"
        ],
        [
          "minecraft:the_void",
          "minecraft:the_void",
          "minecraft:plains",
          "minecraft:sparse_jungle",
          "minecraft:bamboo_jungle"
        ],
        [
          "minecraft:the_void",
          "minecraft:the_void",
          "minecraft:the_void",
          "minecraft:the_void",
          "minecraft:the_void"
        ]
      ]
    },
    {
      "plateau_biomes": [
        [
          "minecraft:snowy_plains",
          "minecraft:snowy_plains",
          "minecraft:snowy_plains",
          "minecraft:snowy_taiga",
          "minecraft:snowy_taiga"
        ],
        [
          "minecraft:meadow",
          "minecraft:meadow",
          "minecraft:forest",
          "byg:rose_fields",
          "minecraft:old_growth_spruce_taiga"
        ],
        [
          "minecraft:meadow",
          "minecraft:meadow",
          "minecraft:meadow",
          "minecraft:meadow",
          "minecraft:dark_forest"
        ],
        [
          "minecraft:savanna_plateau",
          "minecraft:savanna_plateau",
          "minecraft:forest",
          "minecraft:forest",
          "minecraft:jungle"
        ],
        [
          "minecraft:badlands",
          "minecraft:badlands",
          "minecraft:badlands",
          "minecraft:wooded_badlands",
          "minecraft:wooded_badlands"
        ]
      ],
      "plateau_biomes_variant": [
        [
          "minecraft:ice_spikes",
          "minecraft:the_void",
          "minecraft:the_void",
          "minecraft:the_void",
          "minecraft:the_void"
        ],
        [
          "minecraft:the_void",
          "minecraft:the_void",
          "minecraft:meadow",
          "minecraft:meadow",
          "minecraft:old_growth_pine_taiga"
        ],
        [
          "minecraft:the_void",
          "minecraft:the_void",
          "minecraft:forest",
          "minecraft:birch_forest",
          "minecraft:the_void"
        ],
        [
          "minecraft:the_void",
          "minecraft:the_void",
          "minecraft:the_void",
          "minecraft:the_void",
          "minecraft:the_void"
        ],
        [
          "minecraft:eroded_badlands",
          "minecraft:eroded_badlands",
          "minecraft:the_void",
          "minecraft:the_void",
          "minecraft:the_void"
        ]
      ],
      "extreme_hills": [
        [
          "minecraft:windswept_gravelly_hills",
          "minecraft:windswept_gravelly_hills",
          "minecraft:windswept_hills",
          "minecraft:windswept_forest",
          "minecraft:windswept_forest"
        ],
        [
          "minecraft:windswept_gravelly_hills",
          "minecraft:windswept_gravelly_hills",
          "minecraft:windswept_hills",
          "minecraft:windswept_forest",
          "minecraft:windswept_forest"
        ],
        [
          "minecraft:windswept_hills",
          "minecraft:windswept_hills",
          "minecraft:windswept_hills",
          "minecraft:windswept_forest",
          "minecraft:windswept_forest"
        ],
        [
          "minecraft:the_void",
          "minecraft:the_void",
          "minecraft:the_void",
          "minecraft:the_void",
          "minecraft:the_void"
        ],
        [
          "minecraft:the_void",
          "minecraft:the_void",
          "minecraft:the_void",
          "minecraft:the_void",
          "minecraft:the_void"
        ]
      ],
      "swapper": {},
      "weight": 6,
      "oceans": [
        [
          "minecraft:deep_frozen_ocean",
          "minecraft:deep_cold_ocean",
          "minecraft:deep_ocean",
          "minecraft:deep_lukewarm_ocean",
          "minecraft:warm_ocean"
        ],
        [
          "minecraft:frozen_ocean",
          "minecraft:cold_ocean",
          "minecraft:ocean",
          "minecraft:lukewarm_ocean",
          "minecraft:warm_ocean"
        ]
      ],
      "middle_biomes": [
        [
          "minecraft:snowy_plains",
          "minecraft:snowy_plains",
          "minecraft:snowy_plains",
          "minecraft:snowy_taiga",
          "minecraft:taiga"
        ],
        [
          "minecraft:plains",
          "minecraft:plains",
          "minecraft:forest",
          "minecraft:taiga",
          "minecraft:old_growth_spruce_taiga"
        ],
        [
          "minecraft:flower_forest",
          "minecraft:plains",
          "minecraft:forest",
          "minecraft:birch_forest",
          "minecraft:dark_forest"
        ],
        [
          "minecraft:savanna",
          "minecraft:savanna",
          "minecraft:forest",
          "minecraft:jungle",
          "minecraft:jungle"
        ],
        [
          "minecraft:desert",
          "minecraft:desert",
          "minecraft:desert",
          "minecraft:desert",
          "minecraft:desert"
        ]
      ],
      "middle_biomes_variant": [
        [
          "minecraft:ice_spikes",
          "minecraft:the_void",
          "minecraft:snowy_taiga",
          "minecraft:the_void",
          "minecraft:the_void"
        ],
        [
          "minecraft:the_void",
          "minecraft:the_void",
          "minecraft:the_void",
          "minecraft:the_void",
          "minecraft:old_growth_pine_taiga"
        ],
        [
          "minecraft:sunflower_plains",
          "minecraft:the_void",
          "minecraft:the_void",
          "minecraft:old_growth_birch_forest",
          "minecraft:the_void"
        ],
        [
          "minecraft:the_void",
          "minecraft:the_void",
          "minecraft:plains",
          "minecraft:sparse_jungle",
          "minecraft:bamboo_jungle"
        ],
        [
          "minecraft:the_void",
          "minecraft:the_void",
          "minecraft:the_void",
          "minecraft:the_void",
          "minecraft:the_void"
        ]
      ]
    },
    {
      "plateau_biomes": [
        [
          "minecraft:snowy_plains",
          "minecraft:snowy_plains",
          "minecraft:snowy_plains",
          "minecraft:snowy_taiga",
          "minecraft:snowy_taiga"
        ],
        [
          "minecraft:meadow",
          "minecraft:meadow",
          "minecraft:forest",
          "byg:autumnal_forest",
          "minecraft:old_growth_spruce_taiga"
        ],
        [
          "minecraft:meadow",
          "minecraft:meadow",
          "minecraft:meadow",
          "minecraft:meadow",
          "minecraft:dark_forest"
        ],
        [
          "minecraft:savanna_plateau",
          "minecraft:savanna_plateau",
          "minecraft:forest",
          "minecraft:forest",
          "minecraft:jungle"
        ],
        [
          "minecraft:badlands",
          "minecraft:badlands",
          "minecraft:badlands",
          "minecraft:wooded_badlands",
          "minecraft:wooded_badlands"
        ]
      ],
      "plateau_biomes_variant": [
        [
          "minecraft:ice_spikes",
          "minecraft:the_void",
          "minecraft:the_void",
          "minecraft:the_void",
          "minecraft:the_void"
        ],
        [
          "minecraft:the_void",
          "minecraft:the_void",
          "minecraft:meadow",
          "minecraft:meadow",
          "minecraft:old_growth_pine_taiga"
        ],
        [
          "minecraft:the_void",
          "minecraft:the_void",
          "minecraft:forest",
          "minecraft:birch_forest",
          "minecraft:the_void"
        ],
        [
          "minecraft:the_void",
          "minecraft:the_void",
          "minecraft:the_void",
          "minecraft:the_void",
          "minecraft:the_void"
        ],
        [
          "minecraft:eroded_badlands",
          "minecraft:eroded_badlands",
          "minecraft:the_void",
          "minecraft:the_void",
          "minecraft:the_void"
        ]
      ],
      "extreme_hills": [
        [
          "minecraft:windswept_gravelly_hills",
          "minecraft:windswept_gravelly_hills",
          "minecraft:windswept_hills",
          "minecraft:windswept_forest",
          "minecraft:windswept_forest"
        ],
        [
          "minecraft:windswept_gravelly_hills",
          "minecraft:windswept_gravelly_hills",
          "minecraft:windswept_hills",
          "minecraft:windswept_forest",
          "minecraft:windswept_forest"
        ],
        [
          "minecraft:windswept_hills",
          "minecraft:windswept_hills",
          "minecraft:windswept_hills",
          "minecraft:windswept_forest",
          "minecraft:windswept_forest"
        ],
        [
          "minecraft:the_void",
          "minecraft:the_void",
          "minecraft:the_void",
          "minecraft:the_void",
          "minecraft:the_void"
        ],
        [
          "minecraft:the_void",
          "minecraft:the_void",
          "minecraft:the_void",
          "minecraft:the_void",
          "minecraft:the_void"
        ]
      ],
      "swapper": {},
      "weight": 6,
      "oceans": [
        [
          "minecraft:deep_frozen_ocean",
          "minecraft:deep_cold_ocean",
          "minecraft:deep_ocean",
          "minecraft:deep_lukewarm_ocean",
          "minecraft:warm_ocean"
        ],
        [
          "minecraft:frozen_ocean",
          "minecraft:cold_ocean",
          "minecraft:ocean",
          "minecraft:lukewarm_ocean",
          "minecraft:warm_ocean"
        ]
      ],
      "middle_biomes": [
        [
          "minecraft:snowy_plains",
          "minecraft:snowy_plains",
          "minecraft:snowy_plains",
          "minecraft:snowy_taiga",
          "minecraft:taiga"
        ],
        [
          "minecraft:plains",
          "minecraft:plains",
          "minecraft:forest",
          "minecraft:taiga",
          "minecraft:old_growth_spruce_taiga"
        ],
        [
          "minecraft:flower_forest",
          "minecraft:plains",
          "minecraft:forest",
          "minecraft:birch_forest",
          "minecraft:dark_forest"
        ],
        [
          "minecraft:savanna",
          "minecraft:savanna",
          "minecraft:forest",
          "minecraft:jungle",
          "minecraft:jungle"
        ],
        [
          "minecraft:desert",
          "minecraft:desert",
          "minecraft:desert",
          "minecraft:desert",
          "minecraft:desert"
        ]
      ],
      "middle_biomes_variant": [
        [
          "minecraft:ice_spikes",
          "minecraft:the_void",
          "minecraft:snowy_taiga",
          "minecraft:the_void",
          "minecraft:the_void"
        ],
        [
          "minecraft:the_void",
          "minecraft:the_void",
          "minecraft:the_void",
          "minecraft:the_void",
          "minecraft:old_growth_pine_taiga"
        ],
        [
          "minecraft:sunflower_plains",
          "minecraft:the_void",
          "minecraft:the_void",
          "minecraft:old_growth_birch_forest",
          "minecraft:the_void"
        ],
        [
          "minecraft:the_void",
          "minecraft:the_void",
          "minecraft:plains",
          "minecraft:sparse_jungle",
          "minecraft:bamboo_jungle"
        ],
        [
          "minecraft:the_void",
          "minecraft:the_void",
          "minecraft:the_void",
          "minecraft:the_void",
          "minecraft:the_void"
        ]
      ]
    },
    {
      "plateau_biomes": [
        [
          "minecraft:snowy_plains",
          "minecraft:snowy_plains",
          "minecraft:snowy_plains",
          "minecraft:snowy_taiga",
          "minecraft:snowy_taiga"
        ],
        [
          "minecraft:meadow",
          "minecraft:meadow",
          "minecraft:forest",
          "byg:autumnal_taiga",
          "minecraft:old_growth_spruce_taiga"
        ],
        [
          "minecraft:meadow",
          "minecraft:meadow",
          "minecraft:meadow",
          "minecraft:meadow",
          "minecraft:dark_forest"
        ],
        [
          "minecraft:savanna_plateau",
          "minecraft:savanna_plateau",
          "minecraft:forest",
          "minecraft:forest",
          "minecraft:jungle"
        ],
        [
          "minecraft:badlands",
          "minecraft:badlands",
          "minecraft:badlands",
          "minecraft:wooded_badlands",
          "minecraft:wooded_badlands"
        ]
      ],
      "plateau_biomes_variant": [
        [
          "minecraft:ice_spikes",
          "minecraft:the_void",
          "minecraft:the_void",
          "minecraft:the_void",
          "minecraft:the_void"
        ],
        [
          "minecraft:the_void",
          "minecraft:the_void",
          "minecraft:meadow",
          "minecraft:meadow",
          "minecraft:old_growth_pine_taiga"
        ],
        [
          "minecraft:the_void",
          "minecraft:the_void",
          "minecraft:forest",
          "minecraft:birch_forest",
          "minecraft:the_void"
        ],
        [
          "minecraft:the_void",
          "minecraft:the_void",
          "minecraft:the_void",
          "minecraft:the_void",
          "minecraft:the_void"
        ],
        [
          "minecraft:eroded_badlands",
          "minecraft:eroded_badlands",
          "minecraft:the_void",
          "minecraft:the_void",
          "minecraft:the_void"
        ]
      ],
      "extreme_hills": [
        [
          "minecraft:windswept_gravelly_hills",
          "minecraft:windswept_gravelly_hills",
          "minecraft:windswept_hills",
          "minecraft:windswept_forest",
          "minecraft:windswept_forest"
        ],
        [
          "minecraft:windswept_gravelly_hills",
          "minecraft:windswept_gravelly_hills",
          "minecraft:windswept_hills",
          "minecraft:windswept_forest",
          "minecraft:windswept_forest"
        ],
        [
          "minecraft:windswept_hills",
          "minecraft:windswept_hills",
          "minecraft:windswept_hills",
          "minecraft:windswept_forest",
          "minecraft:windswept_forest"
        ],
        [
          "minecraft:the_void",
          "minecraft:the_void",
          "minecraft:the_void",
          "minecraft:the_void",
          "minecraft:the_void"
        ],
        [
          "minecraft:the_void",
          "minecraft:the_void",
          "minecraft:the_void",
          "minecraft:the_void",
          "minecraft:the_void"
        ]
      ],
      "swapper": {},
      "weight": 6,
      "oceans": [
        [
          "minecraft:deep_frozen_ocean",
          "minecraft:deep_cold_ocean",
          "minecraft:deep_ocean",
          "minecraft:deep_lukewarm_ocean",
          "minecraft:warm_ocean"
        ],
        [
          "minecraft:frozen_ocean",
          "minecraft:cold_ocean",
          "minecraft:ocean",
          "minecraft:lukewarm_ocean",
          "minecraft:warm_ocean"
        ]
      ],
      "middle_biomes": [
        [
          "minecraft:snowy_plains",
          "minecraft:snowy_plains",
          "minecraft:snowy_plains",
          "minecraft:snowy_taiga",
          "minecraft:taiga"
        ],
        [
          "minecraft:plains",
          "minecraft:plains",
          "minecraft:forest",
          "minecraft:taiga",
          "minecraft:old_growth_spruce_taiga"
        ],
        [
          "minecraft:flower_forest",
          "minecraft:plains",
          "minecraft:forest",
          "minecraft:birch_forest",
          "minecraft:dark_forest"
        ],
        [
          "minecraft:savanna",
          "minecraft:savanna",
          "minecraft:forest",
          "minecraft:jungle",
          "minecraft:jungle"
        ],
        [
          "minecraft:desert",
          "minecraft:desert",
          "minecraft:desert",
          "minecraft:desert",
          "minecraft:desert"
        ]
      ],
      "middle_biomes_variant": [
        [
          "minecraft:ice_spikes",
          "minecraft:the_void",
          "minecraft:snowy_taiga",
          "minecraft:the_void",
          "minecraft:the_void"
        ],
        [
          "minecraft:the_void",
          "minecraft:the_void",
          "minecraft:the_void",
          "minecraft:the_void",
          "minecraft:old_growth_pine_taiga"
        ],
        [
          "minecraft:sunflower_plains",
          "minecraft:the_void",
          "minecraft:the_void",
          "minecraft:old_growth_birch_forest",
          "minecraft:the_void"
        ],
        [
          "minecraft:the_void",
          "minecraft:the_void",
          "minecraft:plains",
          "minecraft:sparse_jungle",
          "minecraft:bamboo_jungle"
        ],
        [
          "minecraft:the_void",
          "minecraft:the_void",
          "minecraft:the_void",
          "minecraft:the_void",
          "minecraft:the_void"
        ]
      ]
    }
  ]
}