{
  "grid": {
    "flavolite_bricks [default: true]": true,
    "flavolite_polished [default: true]": true,
    "flavolite_tiles [default: true]": true,
    "flavolite_pillar [default: true]": true,
    "flavolite_stairs [default: true]": true,
    "flavolite_slab [default: true]": true,
    "flavolite_bricks_stairs [default: true]": true,
    "flavolite_bricks_slab [default: true]": true,
    "flavolite_wall [default: true]": true,
    "flavolite_bricks_wall [default: true]": true,
    "flavolite_button [default: true]": true,
    "flavolite_pressure_plate [default: true]": true,
    "flavolite_lantern [default: true]": true,
    "flavolite_furnace [default: true]": true,
    "flavolite_flower_pot [default: true]": true,
    "flavolite_pedestal [default: true]": true,
    "violecite_bricks [default: true]": true,
    "violecite_polished [default: true]": true,
    "violecite_tiles [default: true]": true,
    "violecite_pillar [default: true]": true,
    "violecite_stairs [default: true]": true,
    "violecite_slab [default: true]": true,
    "violecite_bricks_stairs [default: true]": true,
    "violecite_bricks_slab [default: true]": true,
    "violecite_wall [default: true]": true,
    "violecite_bricks_wall [default: true]": true,
    "violecite_button [default: true]": true,
    "violecite_pressure_plate [default: true]": true,
    "violecite_lantern [default: true]": true,
    "violecite_furnace [default: true]": true,
    "violecite_flower_pot [default: true]": true,
    "violecite_pedestal [default: true]": true,
    "sulphuric_rock_bricks [default: true]": true,
    "sulphuric_rock_polished [default: true]": true,
    "sulphuric_rock_tiles [default: true]": true,
    "sulphuric_rock_pillar [default: true]": true,
    "sulphuric_rock_stairs [default: true]": true,
    "sulphuric_rock_slab [default: true]": true,
    "sulphuric_rock_bricks_stairs [default: true]": true,
    "sulphuric_rock_bricks_slab [default: true]": true,
    "sulphuric_rock_wall [default: true]": true,
    "sulphuric_rock_bricks_wall [default: true]": true,
    "sulphuric_rock_button [default: true]": true,
    "sulphuric_rock_pressure_plate [default: true]": true,
    "sulphuric_rock_lantern [default: true]": true,
    "sulphuric_rock_furnace [default: true]": true,
    "sulphuric_rock_flower_pot [default: true]": true,
    "sulphuric_rock_pedestal [default: true]": true,
    "virid_jadestone_bricks [default: true]": true,
    "virid_jadestone_polished [default: true]": true,
    "virid_jadestone_tiles [default: true]": true,
    "virid_jadestone_pillar [default: true]": true,
    "virid_jadestone_stairs [default: true]": true,
    "virid_jadestone_slab [default: true]": true,
    "virid_jadestone_bricks_stairs [default: true]": true,
    "virid_jadestone_bricks_slab [default: true]": true,
    "virid_jadestone_wall [default: true]": true,
    "virid_jadestone_bricks_wall [default: true]": true,
    "virid_jadestone_button [default: true]": true,
    "virid_jadestone_pressure_plate [default: true]": true,
    "virid_jadestone_lantern [default: true]": true,
    "virid_jadestone_furnace [default: true]": true,
    "virid_jadestone_flower_pot [default: true]": true,
    "virid_jadestone_pedestal [default: true]": true,
    "azure_jadestone_bricks [default: true]": true,
    "azure_jadestone_polished [default: true]": true,
    "azure_jadestone_tiles [default: true]": true,
    "azure_jadestone_pillar [default: true]": true,
    "azure_jadestone_stairs [default: true]": true,
    "azure_jadestone_slab [default: true]": true,
    "azure_jadestone_bricks_stairs [default: true]": true,
    "azure_jadestone_bricks_slab [default: true]": true,
    "azure_jadestone_wall [default: true]": true,
    "azure_jadestone_bricks_wall [default: true]": true,
    "azure_jadestone_button [default: true]": true,
    "azure_jadestone_pressure_plate [default: true]": true,
    "azure_jadestone_lantern [default: true]": true,
    "azure_jadestone_furnace [default: true]": true,
    "azure_jadestone_flower_pot [default: true]": true,
    "azure_jadestone_pedestal [default: true]": true,
    "sandy_jadestone_bricks [default: true]": true,
    "sandy_jadestone_polished [default: true]": true,
    "sandy_jadestone_tiles [default: true]": true,
    "sandy_jadestone_pillar [default: true]": true,
    "sandy_jadestone_stairs [default: true]": true,
    "sandy_jadestone_slab [default: true]": true,
    "sandy_jadestone_bricks_stairs [default: true]": true,
    "sandy_jadestone_bricks_slab [default: true]": true,
    "sandy_jadestone_wall [default: true]": true,
    "sandy_jadestone_bricks_wall [default: true]": true,
    "sandy_jadestone_button [default: true]": true,
    "sandy_jadestone_pressure_plate [default: true]": true,
    "sandy_jadestone_lantern [default: true]": true,
    "sandy_jadestone_furnace [default: true]": true,
    "sandy_jadestone_flower_pot [default: true]": true,
    "sandy_jadestone_pedestal [default: true]": true,
    "umbralith_bricks [default: true]": true,
    "umbralith_polished [default: true]": true,
    "umbralith_tiles [default: true]": true,
    "umbralith_pillar [default: true]": true,
    "umbralith_stairs [default: true]": true,
    "umbralith_slab [default: true]": true,
    "umbralith_bricks_stairs [default: true]": true,
    "umbralith_bricks_slab [default: true]": true,
    "umbralith_wall [default: true]": true,
    "umbralith_bricks_wall [default: true]": true,
    "umbralith_button [default: true]": true,
    "umbralith_pressure_plate [default: true]": true,
    "umbralith_lantern [default: true]": true,
    "umbralith_furnace [default: true]": true,
    "umbralith_flower_pot [default: true]": true,
    "umbralith_pedestal [default: true]": true,
    "mossy_glowshroom_planks [default: true]": true,
    "mossy_glowshroom_stairs [default: true]": true,
    "mossy_glowshroom_slab [default: true]": true,
    "mossy_glowshroom_fence [default: true]": true,
    "mossy_glowshroom_gate [default: true]": true,
    "mossy_glowshroom_button [default: true]": true,
    "mossy_glowshroom_pressure_plate [default: true]": true,
    "mossy_glowshroom_trapdoor [default: true]": true,
    "mossy_glowshroom_door [default: true]": true,
    "mossy_glowshroom_crafting_table [default: true]": true,
    "mossy_glowshroom_ladder [default: true]": true,
    "mossy_glowshroom_sign [default: true]": true,
    "mossy_glowshroom_chest [default: true]": true,
    "mossy_glowshroom_barrel [default: true]": true,
    "mossy_glowshroom_bookshelf [default: true]": true,
    "mossy_glowshroom_bark [default: true]": true,
    "mossy_glowshroom_log [default: true]": true,
    "mossy_glowshroom_stripped_bark [default: true]": true,
    "mossy_glowshroom_stripped_log [default: true]": true,
    "mossy_glowshroom_composter [default: true]": true,
    "mossy_glowshroom_shulker [default: true]": true,
    "pythadendron_planks [default: true]": true,
    "pythadendron_stairs [default: true]": true,
    "pythadendron_slab [default: true]": true,
    "pythadendron_fence [default: true]": true,
    "pythadendron_gate [default: true]": true,
    "pythadendron_button [default: true]": true,
    "pythadendron_pressure_plate [default: true]": true,
    "pythadendron_trapdoor [default: true]": true,
    "pythadendron_door [default: true]": true,
    "pythadendron_crafting_table [default: true]": true,
    "pythadendron_ladder [default: true]": true,
    "pythadendron_sign [default: true]": true,
    "pythadendron_chest [default: true]": true,
    "pythadendron_barrel [default: true]": true,
    "pythadendron_bookshelf [default: true]": true,
    "pythadendron_bark [default: true]": true,
    "pythadendron_log [default: true]": true,
    "pythadendron_stripped_bark [default: true]": true,
    "pythadendron_stripped_log [default: true]": true,
    "pythadendron_composter [default: true]": true,
    "pythadendron_shulker [default: true]": true,
    "end_lotus_planks [default: true]": true,
    "end_lotus_stairs [default: true]": true,
    "end_lotus_slab [default: true]": true,
    "end_lotus_fence [default: true]": true,
    "end_lotus_gate [default: true]": true,
    "end_lotus_button [default: true]": true,
    "end_lotus_pressure_plate [default: true]": true,
    "end_lotus_trapdoor [default: true]": true,
    "end_lotus_door [default: true]": true,
    "end_lotus_crafting_table [default: true]": true,
    "end_lotus_ladder [default: true]": true,
    "end_lotus_sign [default: true]": true,
    "end_lotus_chest [default: true]": true,
    "end_lotus_barrel [default: true]": true,
    "end_lotus_bookshelf [default: true]": true,
    "end_lotus_bark [default: true]": true,
    "end_lotus_log [default: true]": true,
    "end_lotus_stripped_bark [default: true]": true,
    "end_lotus_stripped_log [default: true]": true,
    "end_lotus_composter [default: true]": true,
    "end_lotus_shulker [default: true]": true,
    "lacugrove_planks [default: true]": true,
    "lacugrove_stairs [default: true]": true,
    "lacugrove_slab [default: true]": true,
    "lacugrove_fence [default: true]": true,
    "lacugrove_gate [default: true]": true,
    "lacugrove_button [default: true]": true,
    "lacugrove_pressure_plate [default: true]": true,
    "lacugrove_trapdoor [default: true]": true,
    "lacugrove_door [default: true]": true,
    "lacugrove_crafting_table [default: true]": true,
    "lacugrove_ladder [default: true]": true,
    "lacugrove_sign [default: true]": true,
    "lacugrove_chest [default: true]": true,
    "lacugrove_barrel [default: true]": true,
    "lacugrove_bookshelf [default: true]": true,
    "lacugrove_bark [default: true]": true,
    "lacugrove_log [default: true]": true,
    "lacugrove_stripped_bark [default: true]": true,
    "lacugrove_stripped_log [default: true]": true,
    "lacugrove_composter [default: true]": true,
    "lacugrove_shulker [default: true]": true,
    "dragon_tree_planks [default: true]": true,
    "dragon_tree_stairs [default: true]": true,
    "dragon_tree_slab [default: true]": true,
    "dragon_tree_fence [default: true]": true,
    "dragon_tree_gate [default: true]": true,
    "dragon_tree_button [default: true]": true,
    "dragon_tree_pressure_plate [default: true]": true,
    "dragon_tree_trapdoor [default: true]": true,
    "dragon_tree_door [default: true]": true,
    "dragon_tree_crafting_table [default: true]": true,
    "dragon_tree_ladder [default: true]": true,
    "dragon_tree_sign [default: true]": true,
    "dragon_tree_chest [default: true]": true,
    "dragon_tree_barrel [default: true]": true,
    "dragon_tree_bookshelf [default: true]": true,
    "dragon_tree_bark [default: true]": true,
    "dragon_tree_log [default: true]": true,
    "dragon_tree_stripped_bark [default: true]": true,
    "dragon_tree_stripped_log [default: true]": true,
    "dragon_tree_composter [default: true]": true,
    "dragon_tree_shulker [default: true]": true,
    "tenanea_planks [default: true]": true,
    "tenanea_stairs [default: true]": true,
    "tenanea_slab [default: true]": true,
    "tenanea_fence [default: true]": true,
    "tenanea_gate [default: true]": true,
    "tenanea_button [default: true]": true,
    "tenanea_pressure_plate [default: true]": true,
    "tenanea_trapdoor [default: true]": true,
    "tenanea_door [default: true]": true,
    "tenanea_crafting_table [default: true]": true,
    "tenanea_ladder [default: true]": true,
    "tenanea_sign [default: true]": true,
    "tenanea_chest [default: true]": true,
    "tenanea_barrel [default: true]": true,
    "tenanea_bookshelf [default: true]": true,
    "tenanea_bark [default: true]": true,
    "tenanea_log [default: true]": true,
    "tenanea_stripped_bark [default: true]": true,
    "tenanea_stripped_log [default: true]": true,
    "tenanea_composter [default: true]": true,
    "tenanea_shulker [default: true]": true,
    "helix_tree_planks [default: true]": true,
    "helix_tree_stairs [default: true]": true,
    "helix_tree_slab [default: true]": true,
    "helix_tree_fence [default: true]": true,
    "helix_tree_gate [default: true]": true,
    "helix_tree_button [default: true]": true,
    "helix_tree_pressure_plate [default: true]": true,
    "helix_tree_trapdoor [default: true]": true,
    "helix_tree_door [default: true]": true,
    "helix_tree_crafting_table [default: true]": true,
    "helix_tree_ladder [default: true]": true,
    "helix_tree_sign [default: true]": true,
    "helix_tree_chest [default: true]": true,
    "helix_tree_barrel [default: true]": true,
    "helix_tree_bookshelf [default: true]": true,
    "helix_tree_bark [default: true]": true,
    "helix_tree_log [default: true]": true,
    "helix_tree_stripped_bark [default: true]": true,
    "helix_tree_stripped_log [default: true]": true,
    "helix_tree_composter [default: true]": true,
    "helix_tree_shulker [default: true]": true,
    "umbrella_tree_planks [default: true]": true,
    "umbrella_tree_stairs [default: true]": true,
    "umbrella_tree_slab [default: true]": true,
    "umbrella_tree_fence [default: true]": true,
    "umbrella_tree_gate [default: true]": true,
    "umbrella_tree_button [default: true]": true,
    "umbrella_tree_pressure_plate [default: true]": true,
    "umbrella_tree_trapdoor [default: true]": true,
    "umbrella_tree_door [default: true]": true,
    "umbrella_tree_crafting_table [default: true]": true,
    "umbrella_tree_ladder [default: true]": true,
    "umbrella_tree_sign [default: true]": true,
    "umbrella_tree_chest [default: true]": true,
    "umbrella_tree_barrel [default: true]": true,
    "umbrella_tree_bookshelf [default: true]": true,
    "umbrella_tree_bark [default: true]": true,
    "umbrella_tree_log [default: true]": true,
    "umbrella_tree_stripped_bark [default: true]": true,
    "umbrella_tree_stripped_log [default: true]": true,
    "umbrella_tree_composter [default: true]": true,
    "umbrella_tree_shulker [default: true]": true,
    "jellyshroom_planks [default: true]": true,
    "jellyshroom_stairs [default: true]": true,
    "jellyshroom_slab [default: true]": true,
    "jellyshroom_fence [default: true]": true,
    "jellyshroom_gate [default: true]": true,
    "jellyshroom_button [default: true]": true,
    "jellyshroom_pressure_plate [default: true]": true,
    "jellyshroom_trapdoor [default: true]": true,
    "jellyshroom_door [default: true]": true,
    "jellyshroom_crafting_table [default: true]": true,
    "jellyshroom_ladder [default: true]": true,
    "jellyshroom_sign [default: true]": true,
    "jellyshroom_chest [default: true]": true,
    "jellyshroom_barrel [default: true]": true,
    "jellyshroom_bookshelf [default: true]": true,
    "jellyshroom_bark [default: true]": true,
    "jellyshroom_log [default: true]": true,
    "jellyshroom_stripped_bark [default: true]": true,
    "jellyshroom_stripped_log [default: true]": true,
    "jellyshroom_composter [default: true]": true,
    "jellyshroom_shulker [default: true]": true,
    "lucernia_planks [default: true]": true,
    "lucernia_stairs [default: true]": true,
    "lucernia_slab [default: true]": true,
    "lucernia_fence [default: true]": true,
    "lucernia_gate [default: true]": true,
    "lucernia_button [default: true]": true,
    "lucernia_pressure_plate [default: true]": true,
    "lucernia_trapdoor [default: true]": true,
    "lucernia_door [default: true]": true,
    "lucernia_crafting_table [default: true]": true,
    "lucernia_ladder [default: true]": true,
    "lucernia_sign [default: true]": true,
    "lucernia_chest [default: true]": true,
    "lucernia_barrel [default: true]": true,
    "lucernia_bookshelf [default: true]": true,
    "lucernia_bark [default: true]": true,
    "lucernia_log [default: true]": true,
    "lucernia_stripped_bark [default: true]": true,
    "lucernia_stripped_log [default: true]": true,
    "lucernia_composter [default: true]": true,
    "lucernia_shulker [default: true]": true,
    "hydralux_petal_block_white [default: true]": true,
    "hydralux_petal_block_gray [default: true]": true,
    "hydralux_petal_block_light_gray [default: true]": true,
    "hydralux_petal_block_black [default: true]": true,
    "hydralux_petal_block_blue [default: true]": true,
    "hydralux_petal_block_lime [default: true]": true,
    "hydralux_petal_block_magenta [default: true]": true,
    "hydralux_petal_block_red [default: true]": true,
    "hydralux_petal_block_orange [default: true]": true,
    "hydralux_petal_block_purple [default: true]": true,
    "hydralux_petal_block_cyan [default: true]": true,
    "hydralux_petal_block_brown [default: true]": true,
    "hydralux_petal_block_green [default: true]": true,
    "hydralux_petal_block_yellow [default: true]": true,
    "hydralux_petal_block_pink [default: true]": true,
    "hydralux_petal_block_light_blue [default: true]": true,
    "thallasium_bulb_lantern_white [default: true]": true,
    "thallasium_bulb_lantern_gray [default: true]": true,
    "thallasium_bulb_lantern_light_gray [default: true]": true,
    "thallasium_bulb_lantern_black [default: true]": true,
    "thallasium_bulb_lantern_blue [default: true]": true,
    "thallasium_bulb_lantern_lime [default: true]": true,
    "thallasium_bulb_lantern_magenta [default: true]": true,
    "thallasium_bulb_lantern_red [default: true]": true,
    "thallasium_bulb_lantern_orange [default: true]": true,
    "thallasium_bulb_lantern_purple [default: true]": true,
    "thallasium_bulb_lantern_cyan [default: true]": true,
    "thallasium_bulb_lantern_brown [default: true]": true,
    "thallasium_bulb_lantern_green [default: true]": true,
    "thallasium_bulb_lantern_yellow [default: true]": true,
    "thallasium_bulb_lantern_pink [default: true]": true,
    "thallasium_bulb_lantern_light_blue [default: true]": true,
    "thallasium_ingot_from_nuggets [default: true]": true,
    "thallasium_nuggets_from_ingot [default: true]": true,
    "thallasium_block [default: true]": true,
    "thallasium_ingot_from_block [default: true]": true,
    "thallasium_tile [default: true]": true,
    "thallasium_bars [default: true]": true,
    "thallasium_pressure_plate [default: true]": true,
    "thallasium_door [default: true]": true,
    "thallasium_trapdoor [default: true]": true,
    "thallasium_stairs [default: true]": true,
    "thallasium_slab [default: true]": true,
    "thallasium_chain [default: true]": true,
    "thallasium_anvil [default: true]": true,
    "thallasium_bulb_lantern [default: true]": true,
    "thallasium_chandelier [default: true]": true,
    "thallasium_helmet [default: true]": true,
    "thallasium_chestplate [default: true]": true,
    "thallasium_leggings [default: true]": true,
    "thallasium_boots [default: true]": true,
    "terminite_bulb_lantern_white [default: true]": true,
    "terminite_bulb_lantern_gray [default: true]": true,
    "terminite_bulb_lantern_light_gray [default: true]": true,
    "terminite_bulb_lantern_black [default: true]": true,
    "terminite_bulb_lantern_blue [default: true]": true,
    "terminite_bulb_lantern_lime [default: true]": true,
    "terminite_bulb_lantern_magenta [default: true]": true,
    "terminite_bulb_lantern_red [default: true]": true,
    "terminite_bulb_lantern_orange [default: true]": true,
    "terminite_bulb_lantern_purple [default: true]": true,
    "terminite_bulb_lantern_cyan [default: true]": true,
    "terminite_bulb_lantern_brown [default: true]": true,
    "terminite_bulb_lantern_green [default: true]": true,
    "terminite_bulb_lantern_yellow [default: true]": true,
    "terminite_bulb_lantern_pink [default: true]": true,
    "terminite_bulb_lantern_light_blue [default: true]": true,
    "terminite_ingot_from_nuggets [default: true]": true,
    "terminite_nuggets_from_ingot [default: true]": true,
    "terminite_block [default: true]": true,
    "terminite_ingot_from_block [default: true]": true,
    "terminite_tile [default: true]": true,
    "terminite_bars [default: true]": true,
    "terminite_pressure_plate [default: true]": true,
    "terminite_door [default: true]": true,
    "terminite_trapdoor [default: true]": true,
    "terminite_stairs [default: true]": true,
    "terminite_slab [default: true]": true,
    "terminite_chain [default: true]": true,
    "terminite_anvil [default: true]": true,
    "terminite_bulb_lantern [default: true]": true,
    "terminite_chandelier [default: true]": true,
    "terminite_helmet [default: true]": true,
    "terminite_chestplate [default: true]": true,
    "terminite_leggings [default: true]": true,
    "terminite_boots [default: true]": true,
    "smaragdant_crystal_bricks [default: true]": true,
    "smaragdant_crystal_polished [default: true]": true,
    "smaragdant_crystal_tiles [default: true]": true,
    "smaragdant_crystal_pillar [default: true]": true,
    "smaragdant_crystal_stairs [default: true]": true,
    "smaragdant_crystal_slab [default: true]": true,
    "smaragdant_crystal_bricks_stairs [default: true]": true,
    "smaragdant_crystal_bricks_slab [default: true]": true,
    "smaragdant_crystal_wall [default: true]": true,
    "smaragdant_crystal_bricks_wall [default: true]": true,
    "smaragdant_crystal_pedestal [default: true]": true,
    "iron_bulb_lantern_white [default: true]": true,
    "iron_bulb_lantern_gray [default: true]": true,
    "iron_bulb_lantern_light_gray [default: true]": true,
    "iron_bulb_lantern_black [default: true]": true,
    "iron_bulb_lantern_blue [default: true]": true,
    "iron_bulb_lantern_lime [default: true]": true,
    "iron_bulb_lantern_magenta [default: true]": true,
    "iron_bulb_lantern_red [default: true]": true,
    "iron_bulb_lantern_orange [default: true]": true,
    "iron_bulb_lantern_purple [default: true]": true,
    "iron_bulb_lantern_cyan [default: true]": true,
    "iron_bulb_lantern_brown [default: true]": true,
    "iron_bulb_lantern_green [default: true]": true,
    "iron_bulb_lantern_yellow [default: true]": true,
    "iron_bulb_lantern_pink [default: true]": true,
    "iron_bulb_lantern_light_blue [default: true]": true,
    "ender_perl_to_block [default: true]": true,
    "ender_block_to_perl [default: true]": true,
    "end_stone_smelter [default: true]": true,
    "andesite_pedestal [default: true]": true,
    "diorite_pedestal [default: true]": true,
    "granite_pedestal [default: true]": true,
    "quartz_pedestal [default: true]": true,
    "purpur_pedestal [default: true]": true,
    "infusion_pedestal [default: true]": true,
    "aeternium_block [default: true]": true,
    "aeternium_block_to_ingot [default: true]": true,
    "blue_vine_seed_dye [default: true]": true,
    "creeping_moss_dye [default: true]": true,
    "umbrella_moss_dye [default: true]": true,
    "umbrella_moss_tall_dye [default: true]": true,
    "shadow_plant_dye [default: true]": true,
    "paper [default: true]": true,
    "aurora_block [default: true]": true,
    "lotus_block [default: true]": true,
    "needlegrass_stick [default: true]": true,
    "shadow_berry_seeds [default: true]": true,
    "purple_polypore_dye [default: true]": true,
    "end_stone_lantern [default: true]": true,
    "andesite_lantern [default: true]": true,
    "diorite_lantern [default: true]": true,
    "granite_lantern [default: true]": true,
    "quartz_lantern [default: true]": true,
    "purpur_lantern [default: true]": true,
    "blackstone_lantern [default: true]": true,
    "amber_gem [default: true]": true,
    "amber_block [default: true]": true,
    "amber_gem_block [default: true]": true,
    "iron_bulb_lantern [default: true]": true,
    "twisted_moss_dye [default: true]": true,
    "byshy_grass_dye [default: true]": true,
    "tail_moss_dye [default: true]": true,
    "petal_block [default: true]": true,
    "petal_white_dye [default: true]": true,
    "sweet_berry_jelly [default: true]": true,
    "shadow_berry_jelly [default: true]": true,
    "sulphur_gunpowder [default: true]": true,
    "dense_emerald_ice [default: true]": true,
    "ancient_emerald_ice [default: true]": true,
    "charnia_cyan_dye [default: true]": true,
    "charnia_green_dye [default: true]": true,
    "charnia_light_blue_dye [default: true]": true,
    "charnia_orange_dye [default: true]": true,
    "charnia_purple_dye [default: true]": true,
    "charnia_red_dye [default: true]": true,
    "respawn_obelisk [default: true]": true,
    "twisted_umbrella_moss_dye [default: true]": true,
    "twisted_umbrella_moss_dye_tall [default: true]": true,
    "leather_to_stripes [default: true]": true,
    "stripes_to_leather [default: true]": true,
    "leather_wrapped_stick [default: true]": true,
    "fiber_string [default: true]": true,
    "ender_eye_amber [default: true]": true,
    "iron_chandelier [default: true]": true,
    "gold_chandelier [default: true]": true,
    "missing_tile [default: true]": true,
    "iron_hammer [default: true]": true,
    "golden_hammer [default: true]": true,
    "diamond_hammer [default: true]": true,
    "charcoal_block [default: true]": true,
    "charcoal_from_block [default: true]": true,
    "end_stone_furnace [default: true]": true,
    "filalux_lantern [default: true]": true,
    "silk_moth_hive [default: true]": true,
    "cave_pumpkin_pie [default: true]": true,
    "cave_pumpkin_seeds [default: true]": true,
    "neon_cactus_block [default: true]": true,
    "neon_cactus_block_slab [default: true]": true,
    "neon_cactus_block_stairs [default: true]": true,
    "sugar_from_root [default: true]": true,
    "endstone_flower_pot [default: true]": true,
    "dragon_bone_block [default: true]": true,
    "dragon_bone_slab [default: true]": true,
    "dragon_bone_stairs [default: true]": true,
    "guide_book [default: true]": true
  },
  "furnace": {
    "thallasium_ingot_furnace_ore [default: true]": true,
    "thallasium_ingot_furnace_raw [default: true]": true,
    "thallasium_axe_nugget [default: true]": true,
    "thallasium_hoe_nugget [default: true]": true,
    "thallasium_pickaxe_nugget [default: true]": true,
    "thallasium_sword_nugget [default: true]": true,
    "thallasium_hammer_nugget [default: true]": true,
    "thallasium_helmet_nugget [default: true]": true,
    "thallasium_chestplate_nugget [default: true]": true,
    "thallasium_leggings_nugget [default: true]": true,
    "thallasium_boots_nugget [default: true]": true,
    "terminite_axe_nugget [default: true]": true,
    "terminite_hoe_nugget [default: true]": true,
    "terminite_pickaxe_nugget [default: true]": true,
    "terminite_sword_nugget [default: true]": true,
    "terminite_hammer_nugget [default: true]": true,
    "terminite_helmet_nugget [default: true]": true,
    "terminite_chestplate_nugget [default: true]": true,
    "terminite_leggings_nugget [default: true]": true,
    "terminite_boots_nugget [default: true]": true,
    "end_lily_leaf_dried [default: true]": true,
    "end_glass [default: true]": true,
    "end_berry [default: true]": true,
    "end_fish [default: true]": true,
    "slime_ball [default: true]": true,
    "menger_sponge [default: true]": true,
    "chorus_mushroom [default: true]": true,
    "bolux_mushroom [default: true]": true
  },
  "alloying": {
    "thallasium_ingot_alloy [default: true]": true,
    "additional_iron [default: true]": true,
    "additional_gold [default: true]": true,
    "additional_copper [default: true]": true,
    "additional_netherite [default: true]": true,
    "terminite_ingot [default: true]": true,
    "aeternium_ingot [default: true]": true,
    "terminite_ingot_thallasium [default: true]": true
  },
  "anvil": {
    "thallasium_shovel_head [default: true]": true,
    "thallasium_pickaxe_head [default: true]": true,
    "thallasium_axe_head [default: true]": true,
    "thallasium_hoe_head [default: true]": true,
    "thallasium_sword_blade [default: true]": true,
    "thallasium_forged_plate [default: true]": true,
    "terminite_shovel_head [default: true]": true,
    "terminite_pickaxe_head [default: true]": true,
    "terminite_axe_head [default: true]": true,
    "terminite_hoe_head [default: true]": true,
    "terminite_sword_blade [default: true]": true,
    "terminite_forged_plate [default: true]": true,
    "ender_pearl_to_dust [default: true]": true,
    "ender_shard_to_dust [default: true]": true,
    "aeternium_axe_head [default: true]": true,
    "aeternium_pickaxe_head [default: true]": true,
    "aeternium_shovel_head [default: true]": true,
    "aeternium_hoe_head [default: true]": true,
    "aeternium_hammer_head [default: true]": true,
    "aeternium_sword_blade [default: true]": true,
    "aeternium_forged_plate [default: true]": true
  },
  "smithing": {
    "thallasium_hammer [default: true]": true,
    "thallasium_axe [default: true]": true,
    "thallasium_pickaxe [default: true]": true,
    "thallasium_hoe [default: true]": true,
    "thallasium_sword_handle [default: true]": true,
    "thallasium_sword [default: true]": true,
    "thallasium_shovel [default: true]": true,
    "terminite_hammer [default: true]": true,
    "terminite_axe [default: true]": true,
    "terminite_pickaxe [default: true]": true,
    "terminite_hoe [default: true]": true,
    "terminite_sword_handle [default: true]": true,
    "terminite_sword [default: true]": true,
    "terminite_shovel [default: true]": true,
    "aeternium_sword_handle [default: true]": true,
    "aeternium_sword [default: true]": true,
    "aeternium_pickaxe [default: true]": true,
    "aeternium_axe [default: true]": true,
    "aeternium_shovel [default: true]": true,
    "aeternium_hoe [default: true]": true,
    "aeternium_hammer [default: true]": true,
    "netherite_hammer [default: true]": true,
    "aeternium_helmet [default: true]": true,
    "aeternium_chestplate [default: true]": true,
    "aeternium_leggings [default: true]": true,
    "aeternium_boots [default: true]": true,
    "thallasium_anvil_updrade [default: true]": true,
    "terminite_anvil_updrade [default: true]": true,
    "armored_elytra [default: true]": true
  },
  "infusion": {
    "runed_flavolite [default: true]": true,
    "eternal_crystal [default: true]": true,
    "crystalite_helmet [default: true]": true,
    "crystalite_chestplate [default: true]": true,
    "crystalite_leggings [default: true]": true,
    "crystalite_boots [default: true]": true,
    "crystalite_elytra [default: true]": true,
    "enchanted_petal [default: true]": true,
    "enchanted_membrane [default: true]": true,
    "protection_book [default: true]": true,
    "fire_protection_book [default: true]": true,
    "feather_falling_book [default: true]": true,
    "blast_protection_book [default: true]": true,
    "projectile_protection_book [default: true]": true,
    "respiration_book [default: true]": true,
    "aqua_affinity_book [default: true]": true,
    "thorns_book [default: true]": true,
    "depth_strider_book [default: true]": true,
    "frost_walker_book [default: true]": true,
    "soul_speed_book [default: true]": true,
    "sharpness_book [default: true]": true,
    "smite_book [default: true]": true,
    "bane_of_arthropods_book [default: true]": true,
    "knockback_book [default: true]": true,
    "fire_aspect_book [default: true]": true,
    "looting_book [default: true]": true,
    "sweeping_book [default: true]": true,
    "efficiency_book [default: true]": true,
    "silk_touch_book [default: true]": true,
    "unbreaking_book [default: true]": true,
    "fortune_book [default: true]": true,
    "power_book [default: true]": true,
    "punch_book [default: true]": true,
    "flame_book [default: true]": true,
    "infinity_book [default: true]": true,
    "luck_of_sea_book [default: true]": true,
    "lure_book [default: true]": true,
    "loyalty_book [default: true]": true,
    "impaling_book [default: true]": true,
    "riptide_book [default: true]": true,
    "channeling_book [default: true]": true,
    "multishot_book [default: true]": true,
    "quick_charge_book [default: true]": true,
    "piercing_book [default: true]": true,
    "mending_book [default: true]": true
  }
}