{
	"modules_left": [
		{
			"name": "empty",
			"enabled": true,
			"lines": {
				"nothing": true
			}
		}, 
		{
			"name": "fps",
			"color_high": 5635925,
			"color_med": 16777045,
			"color_low": 16733525,
			"enabled": true,
			"lines": {
				"fps": true
			}
		}, 
		{
			"name": "empty",
			"enabled": true,
			"lines": {
				"nothing": true
			}
		}, 
		{
			"name": "coords",
			"name_color": 16733525,
			"color_x": 16733525,
			"color_y": 5635925,
			"color_z": 5636095,
			"enabled": true,
			"lines": {
				"player_coords": true,
				"block_coords": true,
				"chunk_relative_coords": true,
				"chunk_coords": true
			}
		}, 
		{
			"name": "empty",
			"enabled": true,
			"lines": {
				"nothing": true
			}
		}, 
		{
			"name": "location",
			"name_color": 43520,
			"value_color": 5636095,
			"enabled": true,
			"lines": {
				"dimension": false,
				"facing": false,
				"rotation": true,
				"light": false,
				"light_server": false,
				"highest_block": false,
				"highest_block_server": false,
				"biome": true,
				"local_difficulty": false,
				"days_played": false
			}
		}
	],
	"modules_right": [],
	"general": {
		"disable_mod": false,
		"space_modules": false,
		"shadow_text": true,
		"animations": true,
		"animationSpeed": 1.0,
		"fontScale": 1.0,
		"background_color": 1867534416
	}
}