{
  "useSteveModel": true,
  "GuardsRunFromPolarBears": true,
  "GuardFormation": true,
  "ClericHealing": true,
  "armorerRepairGuardArmor": true,
  "GuardsOpenDoors": true,
  "AttackAllMobs": false,
  "giveGuardStuffHOTV": true,
  "setGuardPatrolHotv": true,
  "GuardAlwaysShield": true,
  "FriendlyFire": false,
  "guardArrowsHurtVillagers": false,
  "RaidAnimals": false,
  "WitchesVillager": true,
  "BlackSmithHealing": true,
  "GuardVillagerHelpRange": 50.0,
  "ConvertVillagerIfHaveHOTV": false,
  "amountOfHealthRegenerated": 1,
  "MobBlackList": [
    "minecraft:creeper"
  ]
}