{
  "version": 1,
  "overwriteOriginalVillagers": true,
  "overwriteOriginalZombieVillagers": true,
  "enableInfection": true,
  "infectionChance": 5,
  "allowGrimReaper": true,
  "guardSpawnRate": 6,
  "chanceToHaveTwins": 2,
  "marriageHeartsRequirement": 100.0,
  "babyGrowUpTime": 20,
  "villagerMaxAgeTime": 192000,
  "villagerMaxHealth": 20,
  "villagerChatPrefix": "",
  "allowPlayerMarriage": true,
  "allowVillagerTeleporting": false,
  "villagerTeleportLimit": 144.0,
  "roseGoldSpawnWeight": 6,
  "allowRoseGoldGeneration": true,
  "marriageChance": 5,
  "childrenChance": 5,
  "giftDesaturationQueueLength": 16,
  "giftDesaturationFactor": 0.5,
  "giftDesaturationExponent": 0.85,
  "giftSatisfactionFactor": 0.33,
  "baseGiftMoodEffect": 2,
  "giftDesaturationReset": 24000,
  "greetHeartsThreshold": 75,
  "greetAfterDays": 1,
  "childInitialHearts": 100,
  "immigrantChance": 20,
  "bountyHunterInterval": 24000,
  "bountyHunterThreshold": -5,
  "traitChance": 0.25,
  "traitInheritChance": 0.5,
  "villagerHeight": 0.9,
  "canHurtBabies": true,
  "useVoices": false,
  "useVanillaVoices": false,
  "interactionChanceFatigue": 1,
  "interactionFatigueCooldown": 4800,
  "taxesFactor": 0.5,
  "enterVillageNotification": true,
  "showNameTags": true,
  "villagerHealthBonusPerLevel": 5,
  "useSquidwardModels": false,
  "maxBuildingSize": 8192,
  "maxBuildingRadius": 320,
  "maxTreeHeight": 8,
  "maxTreeTicks": {
    "#minecraft:logs": 60
  },
  "validTreeSources": [
    "minecraft:grass_block",
    "minecraft:dirt"
  ],
  "heartsForPardonHit": 30,
  "pardonPlayerTicks": 1200,
  "guardsTargetMonsters": false,
  "guardsTargetEntities": {
    "minecraft:creeper": -1,
    "minecraft:drowned": 2,
    "minecraft:evoker": 3,
    "minecraft:husk": 2,
    "minecraft:illusioner": 3,
    "minecraft:pillager": 3,
    "minecraft:ravager": 3,
    "minecraft:vex": 0,
    "minecraft:vindicator": 4,
    "minecraft:zoglin": 2,
    "minecraft:zombie": 4,
    "minecraft:zombie_villager": 3,
    "minecraft:spider": 0,
    "minecraft:skeleton": 0,
    "minecraft:slime": 0,
    "mcafemale_zombie_villager": 3,
    "mcamale_zombie_villager": 3
  },
  "villagerPathfindingBlacklist": [
    "#minecraft:climbable",
    "#minecraft:fence_gates",
    "#minecraft:fences",
    "#minecraft:fire",
    "#minecraft:portals",
    "#minecraft:slabs",
    "#minecraft:stairs",
    "#minecraft:trapdoors",
    "#minecraft:walls"
  ]
}