{
  "disable_count": 0,
  "disable_egg_removal_from_spawner": 0,
  "disable_range": 0,
  "disable_silk_touch": 0,
  "disable_spawner_config": 0,
  "disable_speed": 0,
  "limited_spawns_amount": 32,
  "limited_spawns_enabled": 0,
  "monster_egg_drop_chance": 4,
  "monster_egg_only_drop_when_killed_by_player": 0,
  "disable_specific_egg_drops": {
    "artifacts:mimic": 0,
    "betteranimalsplus:badger": 0,
    "betteranimalsplus:barracuda": 0,
    "betteranimalsplus:blackbear": 0,
    "betteranimalsplus:boar": 0,
    "betteranimalsplus:bobbit_worm": 0,
    "betteranimalsplus:brownbear": 0,
    "betteranimalsplus:butterfly": 0,
    "betteranimalsplus:coyote": 0,
    "betteranimalsplus:crab": 0,
    "betteranimalsplus:deer": 0,
    "betteranimalsplus:dragonfly": 0,
    "betteranimalsplus:eel_freshwater": 0,
    "betteranimalsplus:eel_saltwater": 0,
    "betteranimalsplus:feralwolf": 0,
    "betteranimalsplus:flying_fish": 0,
    "betteranimalsplus:goose": 0,
    "betteranimalsplus:horseshoecrab": 0,
    "betteranimalsplus:jellyfish": 0,
    "betteranimalsplus:lammergeier": 0,
    "betteranimalsplus:lamprey": 0,
    "betteranimalsplus:moose": 0,
    "betteranimalsplus:nautilus": 0,
    "betteranimalsplus:octopus": 0,
    "betteranimalsplus:pheasant": 0,
    "betteranimalsplus:piranha": 0,
    "betteranimalsplus:reindeer": 0,
    "betteranimalsplus:shark": 0,
    "betteranimalsplus:songbird": 0,
    "betteranimalsplus:squid_colossal": 0,
    "betteranimalsplus:squid_giant": 0,
    "betteranimalsplus:squirrel": 0,
    "betteranimalsplus:tarantula": 0,
    "betteranimalsplus:turkey": 0,
    "betteranimalsplus:walrus": 0,
    "betteranimalsplus:whale": 0,
    "betterend:spawn_e": 0,
    "betterend:spawn_eg": 0,
    "betterend:spawn_egg": 0,
    "betterend:spawn_egg_sha": 0,
    "betternether:spaw": 0,
    "betternether:spawn": 0,
    "betternether:spawn_e": 0,
    "betternether:spawn_egg_": 0,
    "betternether:spawn_egg_hydrogen": 0,
    "betternether:spawn_egg_jungl": 0,
    "earthtojavamobs:albino_cow": 0,
    "earthtojavamobs:amber_chicken": 0,
    "earthtojavamobs:ashen_cow": 0,
    "earthtojavamobs:bold_striped_rabbit": 0,
    "earthtojavamobs:bone_spider": 0,
    "earthtojavamobs:bouldering_zombie": 0,
    "earthtojavamobs:bronzed_chicken": 0,
    "earthtojavamobs:cluckshroom": 0,
    "earthtojavamobs:cookie_cow": 0,
    "earthtojavamobs:cream_cow": 0,
    "earthtojavamobs:dairy_cow": 0,
    "earthtojavamobs:fancy_chicken": 0,
    "earthtojavamobs:flecked_sheep": 0,
    "earthtojavamobs:freckled_rabbit": 0,
    "earthtojavamobs:furnace_golem": 0,
    "earthtojavamobs:fuzzy_sheep": 0,
    "earthtojavamobs:gold_crested_chicken": 0,
    "earthtojavamobs:harelequin_rabbit": 0,
    "earthtojavamobs:horned_sheep": 0,
    "earthtojavamobs:inky_sheep": 0,
    "earthtojavamobs:jolly_llama": 0,
    "earthtojavamobs:jumbo_rabbit": 0,
    "earthtojavamobs:lobber_zombie": 0,
    "earthtojavamobs:long_nosed_sheep": 0,
    "earthtojavamobs:melon_golem": 0,
    "earthtojavamobs:midnight_chicken": 0,
    "earthtojavamobs:moobloom": 0,
    "earthtojavamobs:moolip": 0,
    "earthtojavamobs:mottled_pig": 0,
    "earthtojavamobs:muddy_foot_rabbit": 0,
    "earthtojavamobs:muddy_pig": 0,
    "earthtojavamobs:pale_pig": 0,
    "earthtojavamobs:patched_sheep": 0,
    "earthtojavamobs:piebald_pig": 0,
    "earthtojavamobs:pink_footed_pig": 0,
    "earthtojavamobs:pinto_cow": 0,
    "earthtojavamobs:rainbow_sheep": 0,
    "earthtojavamobs:rocky_sheep": 0,
    "earthtojavamobs:skeleton_wolf": 0,
    "earthtojavamobs:skewbald_chicken": 0,
    "earthtojavamobs:sooty_pig": 0,
    "earthtojavamobs:spotted_pig": 0,
    "earthtojavamobs:stormy_chicken": 0,
    "earthtojavamobs:sunset_cow": 0,
    "earthtojavamobs:tropical_slime": 0,
    "earthtojavamobs:umbra_cow": 0,
    "earthtojavamobs:vested_rabbit": 0,
    "earthtojavamobs:viler_witch": 0,
    "earthtojavamobs:wooly_cow": 0,
    "endgoblintraders:end_goblin_trader": 0,
    "gobber2:nemesis": 0,
    "goblintraders:goblin_trader": 0,
    "goblintraders:vein_goblin_trader": 0,
    "graveyard:acolyte": 0,
    "graveyard:ghoul": 0,
    "graveyard:nightmare": 0,
    "graveyard:reaper": 0,
    "graveyard:revenant": 0,
    "graveyard:skeleton_creeper": 0,
    "guardvillagers:guard": 0,
    "mca:female_villager": 0,
    "mca:female_zombie_villager": 0,
    "mca:grim_reaper": 0,
    "mca:male_villager": 0,
    "mca:male_zombie_villager": 0,
    "minecraft:axolotl": 0,
    "minecraft:bat": 0,
    "minecraft:bee": 0,
    "minecraft:blaze": 0,
    "minecraft:cat": 0,
    "minecraft:cave_spider": 0,
    "minecraft:chicken": 0,
    "minecraft:cod": 0,
    "minecraft:cow": 0,
    "minecraft:creeper": 0,
    "minecraft:dolphin": 0,
    "minecraft:donkey": 0,
    "minecraft:drowned": 0,
    "minecraft:elder_guardian": 0,
    "minecraft:enderman": 0,
    "minecraft:endermite": 0,
    "minecraft:evoker": 0,
    "minecraft:fox": 0,
    "minecraft:ghast": 0,
    "minecraft:glow_squid": 0,
    "minecraft:goat": 0,
    "minecraft:guardian": 0,
    "minecraft:hoglin": 0,
    "minecraft:horse": 0,
    "minecraft:husk": 0,
    "minecraft:llama": 0,
    "minecraft:magma_cube": 0,
    "minecraft:mooshroom": 0,
    "minecraft:mule": 0,
    "minecraft:ocelot": 0,
    "minecraft:panda": 0,
    "minecraft:parrot": 0,
    "minecraft:phantom": 0,
    "minecraft:pig": 0,
    "minecraft:piglin": 0,
    "minecraft:piglin_brute": 0,
    "minecraft:pillager": 0,
    "minecraft:polar_bear": 0,
    "minecraft:pufferfish": 0,
    "minecraft:rabbit": 0,
    "minecraft:ravager": 0,
    "minecraft:salmon": 0,
    "minecraft:sheep": 0,
    "minecraft:shulker": 0,
    "minecraft:silverfish": 0,
    "minecraft:skeleton": 0,
    "minecraft:skeleton_horse": 0,
    "minecraft:slime": 0,
    "minecraft:spider": 0,
    "minecraft:squid": 0,
    "minecraft:stray": 0,
    "minecraft:strider": 0,
    "minecraft:trader_llama": 0,
    "minecraft:tropical_fish": 0,
    "minecraft:turtle": 0,
    "minecraft:vex": 0,
    "minecraft:villager": 0,
    "minecraft:vindicator": 0,
    "minecraft:wandering_trader": 0,
    "minecraft:witch": 0,
    "minecraft:wither_skeleton": 0,
    "minecraft:wolf": 0,
    "minecraft:zoglin": 0,
    "minecraft:zombie": 0,
    "minecraft:zombie_horse": 0,
    "minecraft:zombie_villager": 0,
    "minecraft:zombified_piglin": 0
  }
}