{
  "CONFIG_VERSION_DONT_TOUCH_THIS": 2,
  "_comment": "Before changing anything, see https://github.com/Patbox/StyledChat#configuration",
  "defaultStyle": {
    "displayName": "${vanillaDisplayName}",
    "chat": "${player} <dark_gray>»</dark_gray> <gray>${message}",
    "join": "<gray>✚</gray> <color:#85ff8f><lang:multiplayer.player.joined:'${player}'>",
    "joinRenamed": "<gray>✚</gray> <color:#85ff8f><lang:multiplayer.player.joined.renamed:'${player}':'${old_name}'>",
    "joinFirstTime": "<yellow><lang:multiplayer.player.joined:'${player}'></yellow>",
    "left": "<gray>☁</gray> <color:#ff8585><lang:multiplayer.player.left:'${player}'>",
    "death": "<gray>☠</gray> <color:#d1d1d1>${default_message}",
    "advancementTask": "<lang:chat.type.advancement.task:'${player}':'${advancement}'>",
    "advancementChallenge": "<lang:chat.type.advancement.challenge:'${player}':'${advancement}'>",
    "advancementGoal": "<lang:chat.type.advancement.goal:'${player}':'${advancement}'>",
    "teamChatSent": "<lang:'chat.type.team.sent':'<hover\\:\\'<lang\\:chat.type.team.hover>\\'><suggest_command\\:\\'/teammsg \\'>${team}':'${displayName}':'${message}'>",
    "teamChatReceived": "<lang:'chat.type.team.text':'<hover\\:\\'<lang\\:chat.type.team.hover>\\'><suggest_command\\:\\'/teammsg \\'>${team}':'${displayName}':'${message}'>",
    "privateMessageSent": "<gray>[<green>PM</green> → ${receiver}] <dark_gray>»<reset> ${message}",
    "privateMessageReceived": "<gray>[<green>PM</green> ← ${sender}] <dark_gray>»<reset> ${message}",
    "sayCommand": "<red>[${player}] ${message}",
    "meCommand": "<green>* ${player} ${message}"
  },
  "permissionStyles": [
    {
      "permission": "group.default",
      "opLevel": 0,
      "style": {
        "displayName": "<c:#ebb6ff>${vanillaDisplayName}"
      }
    }
  ],
  "petDeathMessage": "Oh no! ${default_message}",
  "emoticons": {
    "bucket": "🪣",
    "sword": "🗡",
    "potion": "🧪",
    "trident": "🔱",
    "shears": "✂",
    "rod": "🎣",
    "fire": "🔥",
    "shrug": "¯\\_(ツ)_/¯",
    "bow": "🏹",
    "bell": "<yellow>🔔",
    "table": "<rb>(╯°□°）╯︵ ┻━┻",
    "heart": "<red>❤",
    "item": "[%player:equipment_slot/mainhand%]",
    "pos": "%player:pos_x% %player:pos_y% %player:pos_z%"
  },
  "permissionEmoticons": [
    {
      "permission": "group.default",
      "opLevel": 0,
      "emoticons": {}
    }
  ],
  "legacyChatFormatting": true,
  "parseLinksInChat": true,
  "enableMarkdown": true,
  "formattingInPrivateMessages": true,
  "formattingInTeamMessages": true,
  "linkStyle": "<underline><blue>${link}",
  "spoilerStyle": "<dark_gray>${spoiler}",
  "spoilerSymbol": "▌",
  "defaultEnabledFormatting": {
    "dark_red": true,
    "color": true,
    "underline": true,
    "yellow": true,
    "italic": true,
    "dark_blue": true,
    "dark_purple": true,
    "gold": true,
    "red": true,
    "aqua": true,
    "hover": true,
    "gray": true,
    "light_purple": true,
    "white": true,
    "dark_gray": true,
    "spoiler": true,
    "strikethrough": true,
    "lang": true,
    "obfuscated": true,
    "dark_grey": true,
    "key": true,
    "change_page": true,
    "st": true,
    "b": true,
    "green": true,
    "c": true,
    "dark_green": true,
    "gradient": true,
    "black": true,
    "em": true,
    "i": true,
    "bold": true,
    "gr": true,
    "grey": true,
    "orange": true,
    "rb": true,
    "rainbow": true,
    "obf": true,
    "colour": true,
    "blue": true,
    "dark_aqua": true,
    "underlined": true,
    "reset": true,
    "page": true,
    "font": true
  }
}