{
  "modules": {
    "megane-kibe": {
      "lol.bai.megane.module.kibe.MeganeKibe": true
    },
    "megane-reborn-core": {
      "lol.bai.megane.module.reborncore.MeganeRebornCore": true
    },
    "megane-industrial-revolution": {
      "lol.bai.megane.module.indrev.MeganeIndustrialRevolution": true
    },
    "megane-fabric-transfer": {
      "lol.bai.megane.module.fabrictransfer.MeganeFabricTransfer": true
    },
    "modern_industrialization": {
      "aztech.modern_industrialization.compat.megane.MIMeganeModule": true
    },
    "megane-lib-block-attributes": {
      "lol.bai.megane.module.lba.MeganeLibBlockAttributes": true
    },
    "megane-applied-energistics-2": {
      "lol.bai.megane.module.ae2.MeganeAppliedEnergistics2": true
    },
    "megane-reborn-energy": {
      "lol.bai.megane.module.rebornenergy.MeganeRebornEnergy": true
    },
    "megane-vanilla": {
      "lol.bai.megane.module.vanilla.MeganeVanilla": true
    }
  }
}