{
  "mobPhysicsType": 4,
  "blockPhysicsNew": 1,
  "maxPhysicsObjects": 10000,
  "blockPhysicsScale": 1.0,
  "particleLifetimeMobs": 4.0,
  "particleLifetimeBlocks": 4.0,
  "particleLifetimeVines": 4.0,
  "particleLifetimeItems": 3.0,
  "particleLifetimeParticles": 0.1,
  "particleLifetimeLiquids": 6.0,
  "cpuThreads": 2,
  "itemPhysics": true,
  "minecraftBlockBreakParticles": false,
  "vinePhysics": true,
  "capePhysics": true,
  "fishingRodPhysics": true,
  "leashPhysics": true,
  "bannerPhysics": true,
  "clothSmoothShading": false,
  "physicsModCape": true,
  "selectedPhysicsCape": "Physics Mod Cape.dae",
  "showUpdateNotifications": true,
  "clothThreads": 1,
  "leashLength": 3.0,
  "fishingLineLength": 12.0,
  "pvpServerCompatibility": false,
  "snowballModel": 0,
  "snowballImpact": 0,
  "snowballShade": false,
  "enderpearlModel": 0,
  "enderpearlImpact": 0,
  "enderpearlShade": false,
  "eggModel": 0,
  "eggImpact": 0,
  "eggShade": false,
  "crackPhysicsParticles": true,
  "liquidPhysics": true,
  "liquidSourceDistance": 6.0,
  "liquidThreads": 2,
  "bannerPhysicsRange": 48.0,
  "impactSounds": true,
  "soundVolume": 1.0,
  "blockPhysicsRange": 96.0,
  "vineRange": 32.0,
  "waterDensity": 3,
  "customizedGravities": [
    "minecraft:the_nether",
    0.0,
    -9.81,
    0.0,
    "minecraft:overworld",
    0.0,
    -9.81,
    0.0,
    "minecraft:the_end",
    0.0,
    -9.81,
    0.0,
    "ae2:spatial_storage",
    0.0,
    -9.81,
    0.0,
    "voidz:void",
    0.0,
    -9.81,
    0.0,
    "nullscape:end_island",
    0.0,
    -9.81,
    0.0
  ],
  "customizedBuoyancies": [
    "minecraft:the_nether",
    0.0,
    2.0,
    0.0,
    "minecraft:overworld",
    0.0,
    2.0,
    0.0,
    "minecraft:the_end",
    0.0,
    2.0,
    0.0,
    "ae2:spatial_storage",
    0.0,
    2.0,
    0.0,
    "voidz:void",
    0.0,
    2.0,
    0.0,
    "nullscape:end_island",
    0.0,
    2.0,
    0.0
  ],
  "customizedCapes": []
}