{
  "electricFurnaceMk1": {
    "energyCost": 4,
    "processSpeed": 1.0,
    "processTemperatureBoost": 2.0,
    "maxEnergyStored": 1000,
    "maxInput": 64
  },
  "electricFurnaceMk2": {
    "energyCost": 8,
    "processSpeed": 2.0,
    "processTemperatureBoost": 2.0,
    "maxEnergyStored": 5000,
    "maxInput": 128
  },
  "electricFurnaceMk3": {
    "energyCost": 16,
    "processSpeed": 3.0,
    "processTemperatureBoost": 2.0,
    "maxEnergyStored": 10000,
    "maxInput": 512
  },
  "electricFurnaceMk4": {
    "energyCost": 64,
    "processSpeed": 4.0,
    "processTemperatureBoost": 2.0,
    "maxEnergyStored": 100000,
    "maxInput": 4096
  },
  "electricFurnaceFactory": {
    "energyCost": 64,
    "processSpeed": 4.0,
    "processTemperatureBoost": 2.0,
    "maxEnergyStored": 100000,
    "maxInput": 16384
  },
  "pulverizerMk1": {
    "energyCost": 4,
    "processSpeed": 1.0,
    "processTemperatureBoost": 2.0,
    "maxEnergyStored": 1000,
    "maxInput": 64
  },
  "pulverizerMk2": {
    "energyCost": 8,
    "processSpeed": 2.0,
    "processTemperatureBoost": 2.0,
    "maxEnergyStored": 5000,
    "maxInput": 128
  },
  "pulverizerMk3": {
    "energyCost": 16,
    "processSpeed": 3.0,
    "processTemperatureBoost": 2.0,
    "maxEnergyStored": 10000,
    "maxInput": 512
  },
  "pulverizerMk4": {
    "energyCost": 64,
    "processSpeed": 4.0,
    "processTemperatureBoost": 2.0,
    "maxEnergyStored": 100000,
    "maxInput": 4096
  },
  "pulverizerFactory": {
    "energyCost": 64,
    "processSpeed": 4.0,
    "processTemperatureBoost": 2.0,
    "maxEnergyStored": 100000,
    "maxInput": 16384
  },
  "compressorMk1": {
    "energyCost": 4,
    "processSpeed": 1.0,
    "processTemperatureBoost": 2.0,
    "maxEnergyStored": 1000,
    "maxInput": 64
  },
  "compressorMk2": {
    "energyCost": 8,
    "processSpeed": 2.0,
    "processTemperatureBoost": 2.0,
    "maxEnergyStored": 5000,
    "maxInput": 128
  },
  "compressorMk3": {
    "energyCost": 16,
    "processSpeed": 3.0,
    "processTemperatureBoost": 2.0,
    "maxEnergyStored": 10000,
    "maxInput": 512
  },
  "compressorMk4": {
    "energyCost": 64,
    "processSpeed": 4.0,
    "processTemperatureBoost": 2.0,
    "maxEnergyStored": 100000,
    "maxInput": 4096
  },
  "compressorFactory": {
    "energyCost": 64,
    "processSpeed": 4.0,
    "processTemperatureBoost": 2.0,
    "maxEnergyStored": 100000,
    "maxInput": 16384
  },
  "sawmillMk1": {
    "energyCost": 4,
    "processSpeed": 1.0,
    "processTemperatureBoost": 2.0,
    "maxEnergyStored": 1000,
    "maxInput": 64
  },
  "sawmillMk2": {
    "energyCost": 8,
    "processSpeed": 2.0,
    "processTemperatureBoost": 2.0,
    "maxEnergyStored": 5000,
    "maxInput": 128
  },
  "sawmillMk3": {
    "energyCost": 16,
    "processSpeed": 3.0,
    "processTemperatureBoost": 2.0,
    "maxEnergyStored": 10000,
    "maxInput": 512
  },
  "sawmillMk4": {
    "energyCost": 64,
    "processSpeed": 4.0,
    "processTemperatureBoost": 2.0,
    "maxEnergyStored": 100000,
    "maxInput": 4096
  },
  "infuserMk1": {
    "energyCost": 4,
    "processSpeed": 1.0,
    "processTemperatureBoost": 2.0,
    "maxEnergyStored": 1000,
    "maxInput": 64
  },
  "infuserMk2": {
    "energyCost": 8,
    "processSpeed": 2.0,
    "processTemperatureBoost": 2.0,
    "maxEnergyStored": 5000,
    "maxInput": 128
  },
  "infuserMk3": {
    "energyCost": 16,
    "processSpeed": 3.0,
    "processTemperatureBoost": 2.0,
    "maxEnergyStored": 10000,
    "maxInput": 512
  },
  "infuserMk4": {
    "energyCost": 64,
    "processSpeed": 4.0,
    "processTemperatureBoost": 2.0,
    "maxEnergyStored": 100000,
    "maxInput": 4096
  },
  "infuserFactory": {
    "energyCost": 64,
    "processSpeed": 4.5,
    "processTemperatureBoost": 2.0,
    "maxEnergyStored": 100000,
    "maxInput": 16384
  },
  "recycler": {
    "energyCost": 8,
    "processSpeed": 2.5,
    "maxEnergyStored": 50000,
    "maxInput": 128
  },
  "chopperMk1": {
    "energyCost": 16,
    "processSpeed": 50.0,
    "maxEnergyStored": 1000,
    "maxInput": 64
  },
  "chopperMk2": {
    "energyCost": 32,
    "processSpeed": 40.0,
    "maxEnergyStored": 5000,
    "maxInput": 128
  },
  "chopperMk3": {
    "energyCost": 64,
    "processSpeed": 30.0,
    "maxEnergyStored": 25000,
    "maxInput": 512
  },
  "chopperMk4": {
    "energyCost": 128,
    "processSpeed": 20.0,
    "maxEnergyStored": 50000,
    "maxInput": 4096
  },
  "farmerMk1": {
    "energyCost": 16,
    "processSpeed": 50.0,
    "maxEnergyStored": 1000,
    "maxInput": 64
  },
  "farmerMk2": {
    "energyCost": 32,
    "processSpeed": 40.0,
    "maxEnergyStored": 5000,
    "maxInput": 128
  },
  "farmerMk3": {
    "energyCost": 64,
    "processSpeed": 30.0,
    "maxEnergyStored": 25000,
    "maxInput": 512
  },
  "farmerMk4": {
    "energyCost": 128,
    "processSpeed": 20.0,
    "maxEnergyStored": 50000,
    "maxInput": 4096
  },
  "slaughterMk1": {
    "energyCost": 16,
    "processSpeed": 50.0,
    "maxEnergyStored": 1000,
    "maxInput": 64
  },
  "slaughterMk2": {
    "energyCost": 32,
    "processSpeed": 40.0,
    "maxEnergyStored": 5000,
    "maxInput": 128
  },
  "slaughterMk3": {
    "energyCost": 64,
    "processSpeed": 30.0,
    "maxEnergyStored": 25000,
    "maxInput": 512
  },
  "slaughterMk4": {
    "energyCost": 128,
    "processSpeed": 20.0,
    "maxEnergyStored": 50000,
    "maxInput": 4096
  },
  "rancherMk1": {
    "energyCost": 16,
    "processSpeed": 50.0,
    "maxEnergyStored": 1000,
    "maxInput": 64
  },
  "rancherMk2": {
    "energyCost": 32,
    "processSpeed": 40.0,
    "maxEnergyStored": 5000,
    "maxInput": 128
  },
  "rancherMk3": {
    "energyCost": 64,
    "processSpeed": 30.0,
    "maxEnergyStored": 25000,
    "maxInput": 512
  },
  "rancherMk4": {
    "energyCost": 128,
    "processSpeed": 20.0,
    "maxEnergyStored": 50000,
    "maxInput": 4096
  },
  "miner": {
    "energyCost": 64,
    "processSpeed": 100.0,
    "maxEnergyStored": 50000,
    "maxInput": 4096
  },
  "drill": 256,
  "fishingMk2": {
    "energyCost": 8,
    "processSpeed": 400.0,
    "maxEnergyStored": 50000,
    "maxInput": 128
  },
  "fishingMk3": {
    "energyCost": 16,
    "processSpeed": 400.0,
    "maxEnergyStored": 50000,
    "maxInput": 512
  },
  "fishingMk4": {
    "energyCost": 64,
    "processSpeed": 500.0,
    "maxEnergyStored": 50000,
    "maxInput": 4096
  },
  "dirtOxygenator": {
    "energyCost": 16,
    "processSpeed": 50.0,
    "maxEnergyStored": 1000,
    "maxInput": 64
  },
  "drain": {
    "energyCost": 4,
    "processSpeed": 20.0,
    "maxEnergyStored": 1000,
    "maxInput": 64
  },
  "pump": {
    "energyCost": 4,
    "processSpeed": 20.0,
    "maxEnergyStored": 50,
    "maxInput": 64
  },
  "smelter": {
    "energyCost": 64,
    "processSpeed": 4.0,
    "processTemperatureBoost": 2.0,
    "maxEnergyStored": 50000,
    "maxInput": 4096
  },
  "condenser": {
    "energyCost": 64,
    "processSpeed": 4.0,
    "maxEnergyStored": 50000,
    "maxInput": 4096
  },
  "fluidInfuserMk1": {
    "energyCost": 4,
    "processSpeed": 1.0,
    "maxEnergyStored": 1000,
    "maxInput": 64
  },
  "fluidInfuserMk2": {
    "energyCost": 8,
    "processSpeed": 2.0,
    "maxEnergyStored": 5000,
    "maxInput": 128
  },
  "fluidInfuserMk3": {
    "energyCost": 16,
    "processSpeed": 3.0,
    "maxEnergyStored": 10000,
    "maxInput": 512
  },
  "fluidInfuserMk4": {
    "energyCost": 64,
    "processSpeed": 4.0,
    "maxEnergyStored": 100000,
    "maxInput": 4096
  },
  "electrolyticSeparatorMk1": {
    "energyCost": 4,
    "processSpeed": 1.0,
    "maxEnergyStored": 1000,
    "maxInput": 64
  },
  "electrolyticSeparatorMk2": {
    "energyCost": 8,
    "processSpeed": 2.0,
    "maxEnergyStored": 5000,
    "maxInput": 128
  },
  "electrolyticSeparatorMk3": {
    "energyCost": 16,
    "processSpeed": 3.0,
    "maxEnergyStored": 10000,
    "maxInput": 512
  },
  "electrolyticSeparatorMk4": {
    "energyCost": 64,
    "processSpeed": 4.0,
    "maxEnergyStored": 100000,
    "maxInput": 4096
  },
  "modularWorkbench": {
    "energyCost": 64,
    "processSpeed": 1.0,
    "maxEnergyStored": 5000,
    "maxInput": 4096
  },
  "laser": {
    "energyCost": 4096,
    "processSpeed": 1.0,
    "maxEnergyStored": 2500000,
    "maxInput": 16384
  },
  "distiller": {
    "energyCost": 64,
    "processSpeed": 4.0,
    "maxEnergyStored": 100000,
    "maxInput": 4096
  },
  "lazuliFluxContainerMk1": {
    "maxEnergyStored": 10000,
    "maxInput": 128,
    "maxOutput": 128
  },
  "lazuliFluxContainerMk2": {
    "maxEnergyStored": 100000,
    "maxInput": 512,
    "maxOutput": 512
  },
  "lazuliFluxContainerMk3": {
    "maxEnergyStored": 1000000,
    "maxInput": 4096,
    "maxOutput": 4096
  },
  "lazuliFluxContainerMk4": {
    "maxEnergyStored": 10000000,
    "maxInput": 16384,
    "maxOutput": 16384
  }
}